10002 - Community Agribusiness Partners,10002,Community Agribusiness Partners,24747,cfm2,Malawi,11/26/2025,4301,39882,282,33845,0,0,2,1740,4,4,4,,7,7,3,7,0
10002 - Community Agribusiness Partners,10002,Community Agribusiness Partners,24749,cfrw3,Rwanda,11/26/2025,27812,16635,4,2,0,0,,121,2,3,2,1,6,6,5,6,0
10002 - Community Agribusiness Partners,10002,Community Agribusiness Partners,24750,cft2,United Republic of Tanzania,11/26/2025,26228,,215,4795,3,0,1027,680,2,3,2,1,3,3,0,3,1
10012 - Paltrack,10012,Paltrack,24793,srcc,South Africa,11/26/2025,91,,0,0,0,0,,356,6,4,4,,4,7,1,7,0
50048 - Anatrans SA,50048,Anatrans SA,24653,cadesacoop,Cote d'Ivoire,11/26/2025,2211,13,0,2581,0,0,,,5,7,5,2,15,0,1,0,1
50048 - Anatrans SA,50048,Anatrans SA,26125,anatrans2,Burkina Faso,11/26/2025,10558,,7225,4757,159250,154997,10155,18071,5,7,5,2,75,69,30,69,2
50048 - Anatrans SA,50048,Anatrans SA,26127,copavgon,Cote d'Ivoire,11/26/2025,518,,0,519,0,0,,,6,5,5,,8,3,1,3,0
50048 - Anatrans SA,50048,Anatrans SA,26277,iba,Togo,11/26/2025,1168,,1852,700,0,0,,,3,3,3,,7,7,1,7,0
50052 - Tininga Ltd,50052,Tininga Ltd,24771,hp,Papua New Guinea,11/26/2025,1554,,974,7972,20990,20760,2865,132,2,2,2,,4,3,14,3,0
50057 - Kutoka Ardhini Ltd,50057,Kutoka Ardhini Ltd,24758,fomd,Madagascar,11/26/2025,4482,,4930,2,7,0,240,6967,2,3,3,,9,7,1,7,0
50057 - Kutoka Ardhini Ltd,50057,Kutoka Ardhini Ltd,24807,kutokatz,United Republic of Tanzania,11/26/2025,1127,,1619,325,2537,2417,,2,2,2,2,,2,2,12,2,1
50057 - Kutoka Ardhini Ltd,50057,Kutoka Ardhini Ltd,24811,kutoka,Kenya,11/26/2025,12055,,14403,4689,50850,48841,16901,108284,5,6,6,,34,33,75,33,1
50059 - McCormick Global Ingredients Limited,50059,McCormick Global Ingredients Limited,10014,hs,Vietnam,11/26/2025,497,,498,0,4619,2047,,3708,6,10,6,4,3,3,15,3,0
50059 - McCormick Global Ingredients Limited,50059,McCormick Global Ingredients Limited,24650,agrispiceindonesia,Indonesia,11/26/2025,9096,70,9598,239,14753,12441,,9713,10,12,8,4,39,34,32,35,1
50059 - McCormick Global Ingredients Limited,50059,McCormick Global Ingredients Limited,24741,bio,Madagascar,11/26/2025,2616,2087,4621,375,18090,15346,4485,23668,5,6,5,1,27,23,0,23,1
50059 - McCormick Global Ingredients Limited,50059,McCormick Global Ingredients Limited,24783,pcv2,Vietnam,11/26/2025,585,144,1175,96,2001,1295,2243,1033,3,8,3,5,5,5,4,3,0
50059 - McCormick Global Ingredients Limited,50059,McCormick Global Ingredients Limited,24799,sv,Madagascar,11/26/2025,2590,1728,4465,421,6369,6016,2466,9506,8,12,8,4,18,18,3,18,0
50059 - McCormick Global Ingredients Limited,50059,McCormick Global Ingredients Limited,24805,vs,Vietnam,11/26/2025,504,644,2096,14,2601,1683,1030,1080,3,7,3,4,5,5,1,3,1
50059 - McCormick Global Ingredients Limited,50059,McCormick Global Ingredients Limited,26974,ppbrx,Brazil,11/26/2025,50,2,126,0,18,18,,,3,5,3,2,2,2,0,2,0
50059 - McCormick Global Ingredients Limited,50059,McCormick Global Ingredients Limited,27075,grancafe,Brazil,11/26/2025,37,,38,0,0,0,,,4,7,4,3,2,1,0,1,0
50059 - McCormick Global Ingredients Limited,50059,McCormick Global Ingredients Limited,27384,tripper,Indonesia,11/26/2025,4215,,4923,0,0,0,,,,2,2,,,,,,0
50059 - McCormick Global Ingredients Limited,50059,McCormick Global Ingredients Limited,27401,avt,India,11/26/2025,907,,897,1,322,322,,,,2,2,,,,,,0
50059 - McCormick Global Ingredients Limited,50059,McCormick Global Ingredients Limited,27405,botanicalfoods,Australia,11/26/2025,11,,11,0,0,0,,,,3,3,,,,,,0
50059 - McCormick Global Ingredients Limited,50059,McCormick Global Ingredients Limited,27407,kutas,Turkey,11/26/2025,342,183,634,145,0,0,,,,2,2,,,,,,0
50059 - McCormick Global Ingredients Limited,50059,McCormick Global Ingredients Limited,27409,meiweijia,China,11/26/2025,8,,8,0,0,0,,,,2,2,,,,,,0
50059 - McCormick Global Ingredients Limited,50059,McCormick Global Ingredients Limited,27411,laiwu,China,11/26/2025,10,,10,0,101,61,,,,2,2,,,,,,0
50059 - McCormick Global Ingredients Limited,50059,McCormick Global Ingredients Limited,27413,laxmi,India,11/26/2025,25,,25,0,0,0,,,,2,2,,,,,,0
50059 - McCormick Global Ingredients Limited,50059,McCormick Global Ingredients Limited,27415,sacconi,Brazil,11/26/2025,3,,3,0,0,0,,,,2,2,,,,,,0
50059 - McCormick Global Ingredients Limited,50059,McCormick Global Ingredients Limited,27417,spicekingdom,Egypt,11/26/2025,6,2,3,13,0,0,,,,2,2,,,,,,0
50059 - McCormick Global Ingredients Limited,50059,McCormick Global Ingredients Limited,27419,linyi,China,11/26/2025,24,,24,0,0,0,,,,2,2,,,,,,0
50059 - McCormick Global Ingredients Limited,50059,McCormick Global Ingredients Limited,27421,civat,Mexico,11/26/2025,21,,22,0,0,0,,,,3,3,,,,,,0
50059 - McCormick Global Ingredients Limited,50059,McCormick Global Ingredients Limited,27458,agrispicelampung,Indonesia,11/26/2025,2189,50,2726,185,3783,2513,,2796,2,12,8,4,6,36,35,36,1
50059 - McCormick Global Ingredients Limited,50059,McCormick Global Ingredients Limited,27463,agrispicepapua,Indonesia,11/26/2025,3038,,3038,3,2608,495,,12203,2,12,8,4,16,27,69,27,1
50059 - McCormick Global Ingredients Limited,50059,McCormick Global Ingredients Limited,27465,agrispicesulawesi,Indonesia,11/26/2025,2102,2148,4462,18,13147,9115,,10030,4,12,8,4,13,30,41,30,1
50059 - McCormick Global Ingredients Limited,50059,McCormick Global Ingredients Limited,27507,giza,Egypt,11/26/2025,2,,2,0,0,0,,,,2,2,,,,,,0
50059 - McCormick Global Ingredients Limited,50059,McCormick Global Ingredients Limited,27518,saneagricola,Mexico,11/26/2025,7,,14,1,0,0,,,,2,2,,,,,,0
50059 - McCormick Global Ingredients Limited,50059,McCormick Global Ingredients Limited,27566,agrispicekerinci,Indonesia,11/26/2025,210,,210,1,0,0,,50,2,4,4,,5,5,1,5,2
50066 - East African Breweries Limited,50066,East African Breweries Limited,24752,eaml,Kenya,11/26/2025,1207,,2797,419,1077,228,740,3567,3,3,3,,5,5,12,5,0
50066 - East African Breweries Limited,50066,East African Breweries Limited,24792,sorghum,Kenya,11/26/2025,56018,,45411,3884,56,3,35,51608,3,3,3,,9,9,134,9,0
50071 - Pa Hta Ma Seed Company Limited,50071,Pa Hta Ma Seed Company Limited,24781,pahtama,Myanmar,11/26/2025,2220,,3915,112,4807,918,,30064,4,5,5,,23,24,42,22,2
50072 - Subati Group Ltd.,50072,Subati Group Ltd.,24796,subati,Kenya,11/26/2025,52,,284,12,22635,1,,27340,4,3,3,,11,7,3,6,0
50080 - Ricegrowers Singapore Pte Ltd,50080,Ricegrowers Singapore Pte Ltd,24794,srv,Vietnam,11/26/2025,73,,135,23,704,0,,24,4,4,4,,2,2,6,2,2
50083 - TechnoServe Inc.  (Mozambique),50083,TechnoServe Inc.  (Mozambique),24742,cat,Mozambique,11/26/2025,1777,,841,4379,21972,21685,116650,16024,1,2,2,,11,11,9,11,0
50101 - Cargill B.V.,50101,Cargill B.V.,24417,casodi,Cote d'Ivoire,11/26/2025,680,1428,1298,917,103270,103023,,1321,,29,29,,,13,0,12,0
50101 - Cargill B.V.,50101,Cargill B.V.,24419,coasi,Cote d'Ivoire,11/26/2025,2363,887,3272,132,26145,26095,,,,35,35,,,21,1,21,0
50101 - Cargill B.V.,50101,Cargill B.V.,24479,cpsl,Cote d'Ivoire,11/26/2025,1308,2251,2981,679,51347,51331,,,,33,33,,,11,7,8,0
50101 - Cargill B.V.,50101,Cargill B.V.,24480,csc,Cote d'Ivoire,11/26/2025,403,703,915,219,79885,79437,,1309,,28,28,,,8,2,8,0
50101 - Cargill B.V.,50101,Cargill B.V.,24481,ecagni,Cote d'Ivoire,11/26/2025,1631,1302,2229,926,68512,68275,,,,31,31,,,17,2,17,1
50101 - Cargill B.V.,50101,Cargill B.V.,24657,caap,Cote d'Ivoire,11/26/2025,,391,230,174,5931,5879,,845,,3,3,,,0,1,0,0
50101 - Cargill B.V.,50101,Cargill B.V.,24658,caso,Cote d'Ivoire,11/26/2025,339,187,494,116,36578,36519,,1129,,30,30,,,14,3,11,0
50101 - Cargill B.V.,50101,Cargill B.V.,24659,lcag,Cote d'Ivoire,11/26/2025,634,374,986,139,65315,64658,,1768,,30,30,,,19,2,11,0
50101 - Cargill B.V.,50101,Cargill B.V.,24660,caes,Cote d'Ivoire,11/26/2025,503,1022,1123,519,29072,28960,,952,,32,32,,,13,0,12,0
50101 - Cargill B.V.,50101,Cargill B.V.,24661,canwori,Cote d'Ivoire,11/26/2025,742,511,1438,121,98506,97749,,3738,,32,32,,,14,6,14,0
50101 - Cargill B.V.,50101,Cargill B.V.,24662,scaeb,Cote d'Ivoire,11/26/2025,93,1179,1379,99,52376,52259,,3292,,3,3,,,0,14,0,0
50101 - Cargill B.V.,50101,Cargill B.V.,24663,coobadi,Cote d'Ivoire,11/26/2025,719,307,1003,152,84913,77112,,3039,,31,31,,,12,3,11,0
50101 - Cargill B.V.,50101,Cargill B.V.,24664,socoopalao,Cote d'Ivoire,11/26/2025,1143,1336,2044,546,121211,121064,,2739,,30,30,,,9,3,8,0
50101 - Cargill B.V.,50101,Cargill B.V.,24665,socag,Cote d'Ivoire,11/26/2025,730,560,1216,172,30874,30754,,6715,,31,31,,,7,2,6,0
50101 - Cargill B.V.,50101,Cargill B.V.,24666,seca,Cote d'Ivoire,11/26/2025,708,732,1175,288,73448,73059,,2206,,29,29,,,9,0,9,0
50101 - Cargill B.V.,50101,Cargill B.V.,24667,socoopem,Cote d'Ivoire,11/26/2025,608,1762,1763,624,30455,30384,,4008,,31,31,,,13,1,10,0
50101 - Cargill B.V.,50101,Cargill B.V.,24668,adedo,Cote d'Ivoire,11/26/2025,1180,973,1232,919,48845,48441,,569,,33,33,,,11,2,8,1
50101 - Cargill B.V.,50101,Cargill B.V.,24669,edifie,Cote d'Ivoire,11/26/2025,542,175,802,109,42316,42231,,2714,,35,35,,,7,1,4,1
50101 - Cargill B.V.,50101,Cargill B.V.,24670,scps,Cote d'Ivoire,11/26/2025,314,1027,1094,306,71425,71264,,8086,,29,29,,,11,4,10,0
50101 - Cargill B.V.,50101,Cargill B.V.,24671,c3a,Cote d'Ivoire,11/26/2025,405,89,547,127,28911,28718,,1293,,30,30,,,6,1,6,0
50101 - Cargill B.V.,50101,Cargill B.V.,24672,socayema,Cote d'Ivoire,11/26/2025,732,514,1038,208,20939,20894,,1361,,30,30,,,8,2,8,0
50101 - Cargill B.V.,50101,Cargill B.V.,24673,caadi,Cote d'Ivoire,11/26/2025,,451,307,163,0,0,,277,,3,3,,,0,4,0,0
50101 - Cargill B.V.,50101,Cargill B.V.,24674,scaet,Cote d'Ivoire,11/26/2025,569,133,515,179,8839,8772,,500,,3,3,,,0,12,0,0
50101 - Cargill B.V.,50101,Cargill B.V.,24675,scoopaged,Cote d'Ivoire,11/26/2025,829,519,1098,311,31864,31790,,1727,,31,31,,,11,0,11,0
50101 - Cargill B.V.,50101,Cargill B.V.,24676,scopayo,Cote d'Ivoire,11/26/2025,391,128,474,139,4552,4451,,578,,28,28,,,7,0,7,0
50101 - Cargill B.V.,50101,Cargill B.V.,24677,socas,Cote d'Ivoire,11/26/2025,524,159,827,35,26288,26178,,2493,,28,28,,,18,2,17,0
50101 - Cargill B.V.,50101,Cargill B.V.,24678,socoopenha,Cote d'Ivoire,11/26/2025,561,616,1123,218,98954,98310,,1797,,29,29,,,10,0,10,0
50101 - Cargill B.V.,50101,Cargill B.V.,24679,scak,Cote d'Ivoire,11/26/2025,606,286,1209,131,40493,40361,,2145,,31,31,,,8,0,8,0
50101 - Cargill B.V.,50101,Cargill B.V.,24680,canwg,Cote d'Ivoire,11/26/2025,431,389,788,43,21366,21355,,497,,30,30,,,5,0,5,0
50101 - Cargill B.V.,50101,Cargill B.V.,24681,coofrado,Cote d'Ivoire,11/26/2025,691,314,1099,154,25200,25104,,971,,29,29,,,12,1,6,0
50101 - Cargill B.V.,50101,Cargill B.V.,24682,scosod,Cote d'Ivoire,11/26/2025,684,478,797,408,42328,42139,,1590,,31,31,,,15,9,14,0
50101 - Cargill B.V.,50101,Cargill B.V.,24683,ano,Cote d'Ivoire,11/26/2025,,625,586,98,16689,16549,,913,,3,3,,,0,9,0,0
50101 - Cargill B.V.,50101,Cargill B.V.,24684,anonklon,Cote d'Ivoire,11/26/2025,674,278,1083,68,21267,21078,,1395,,29,29,,,21,1,12,0
50101 - Cargill B.V.,50101,Cargill B.V.,24685,anouanze,Cote d'Ivoire,11/26/2025,,,0,0,0,0,,,,29,29,,,,,,0
50101 - Cargill B.V.,50101,Cargill B.V.,24686,binkadi,Cote d'Ivoire,11/26/2025,776,308,1111,73,20152,19507,,3908,,32,32,,,9,5,9,0
50101 - Cargill B.V.,50101,Cargill B.V.,24687,bredi,Cote d'Ivoire,11/26/2025,301,62,361,38,26174,26002,,929,,29,29,,,3,2,3,0
50101 - Cargill B.V.,50101,Cargill B.V.,24688,cabd,Cote d'Ivoire,11/26/2025,573,1002,889,789,49036,48942,,1288,,31,31,,,6,3,6,0
50101 - Cargill B.V.,50101,Cargill B.V.,24690,cafhs,Cote d'Ivoire,11/26/2025,954,563,1570,16,47683,47493,,600,,31,31,,,30,4,28,0
50101 - Cargill B.V.,50101,Cargill B.V.,24691,cag,Cote d'Ivoire,11/26/2025,1774,1830,3082,522,140893,140017,,2020,,30,30,,,16,6,15,0
50101 - Cargill B.V.,50101,Cargill B.V.,24692,cagdi,Cote d'Ivoire,11/26/2025,,,0,0,0,0,,,,29,29,,,,,,0
50101 - Cargill B.V.,50101,Cargill B.V.,24693,camene,Cote d'Ivoire,11/26/2025,,,0,0,0,0,,,,31,31,,,,,,0
50101 - Cargill B.V.,50101,Cargill B.V.,24694,capka,Cote d'Ivoire,11/26/2025,936,527,1150,337,24657,24331,,3762,,30,30,,,12,9,12,0
50101 - Cargill B.V.,50101,Cargill B.V.,24695,cjahs,Cote d'Ivoire,11/26/2025,842,472,1115,228,6651,6573,,1606,,29,29,,,5,0,4,0
50101 - Cargill B.V.,50101,Cargill B.V.,24696,coasabana,Cote d'Ivoire,11/26/2025,919,857,1064,747,52246,51918,,3112,,33,33,,,5,1,5,0
50101 - Cargill B.V.,50101,Cargill B.V.,24697,coasada,Cote d'Ivoire,11/26/2025,1579,496,2915,44,14529,14529,,,,30,30,,,12,1,12,0
50101 - Cargill B.V.,50101,Cargill B.V.,24698,coopabe,Cote d'Ivoire,11/26/2025,489,457,567,456,42693,42656,,2126,,29,29,,,10,1,10,0
50101 - Cargill B.V.,50101,Cargill B.V.,24699,coopadi,Cote d'Ivoire,11/26/2025,844,820,1200,469,32653,32630,,659,,30,30,,,14,2,14,0
50101 - Cargill B.V.,50101,Cargill B.V.,24700,coopapaixhs,Cote d'Ivoire,11/26/2025,825,809,1238,470,60718,60273,,2331,,38,38,,,11,1,10,0
50101 - Cargill B.V.,50101,Cargill B.V.,24701,coopaso,Cote d'Ivoire,11/26/2025,695,469,953,227,40741,40685,,1850,,30,30,,,10,1,9,0
50101 - Cargill B.V.,50101,Cargill B.V.,24702,ecakog,Cote d'Ivoire,11/26/2025,1763,1087,2501,409,128714,128261,,4783,,35,35,,,13,3,12,0
50101 - Cargill B.V.,50101,Cargill B.V.,24703,ecapg,Cote d'Ivoire,11/26/2025,1535,2171,2424,1695,125092,124475,,13,,30,30,,,12,0,11,0
50101 - Cargill B.V.,50101,Cargill B.V.,24704,ecb,Cote d'Ivoire,11/26/2025,293,726,619,423,32232,32155,,1293,,29,29,,,6,1,6,0
50101 - Cargill B.V.,50101,Cargill B.V.,24705,eko,Cote d'Ivoire,11/26/2025,1772,1754,2291,487,100156,99572,,8289,,30,30,,,20,12,18,1
50101 - Cargill B.V.,50101,Cargill B.V.,24706,esperance,Cote d'Ivoire,11/26/2025,,,0,0,0,0,,,,29,29,,,,,,0
50101 - Cargill B.V.,50101,Cargill B.V.,24707,krihiri,Cote d'Ivoire,11/26/2025,788,44,1315,2,69522,69408,,2015,,31,31,,,10,1,10,0
50101 - Cargill B.V.,50101,Cargill B.V.,24708,miensah,Cote d'Ivoire,11/26/2025,895,367,919,352,52399,52359,,4058,,30,30,,,9,3,9,0
50101 - Cargill B.V.,50101,Cargill B.V.,24709,montbian,Cote d'Ivoire,11/26/2025,1313,1561,2500,479,75632,74702,,7204,,30,30,,,20,3,17,0
50101 - Cargill B.V.,50101,Cargill B.V.,24710,nocoopasi,Cote d'Ivoire,11/26/2025,540,227,608,224,21768,21679,,22,,30,30,,,8,0,8,0
50101 - Cargill B.V.,50101,Cargill B.V.,24711,reja,Cote d'Ivoire,11/26/2025,942,511,1306,156,98026,97817,,1838,,30,30,,,14,4,12,0
50101 - Cargill B.V.,50101,Cargill B.V.,24712,sahs,Cote d'Ivoire,11/26/2025,1418,923,1872,491,47947,47736,,3735,,29,29,,,10,4,9,0
50101 - Cargill B.V.,50101,Cargill B.V.,24713,scaag,Cote d'Ivoire,11/26/2025,1,657,602,70,2,2,,,,4,4,,,1,4,1,0
50101 - Cargill B.V.,50101,Cargill B.V.,24714,scaes,Cote d'Ivoire,11/26/2025,2129,345,2458,21,67356,66702,,,,30,30,,,9,2,9,0
50101 - Cargill B.V.,50101,Cargill B.V.,24715,scalo,Cote d'Ivoire,11/26/2025,969,1035,1493,800,65423,65199,,5633,,30,30,,,10,14,10,0
50101 - Cargill B.V.,50101,Cargill B.V.,24716,scand,Cote d'Ivoire,11/26/2025,422,83,521,24,20865,20816,,2637,,30,30,,,7,2,7,0
50101 - Cargill B.V.,50101,Cargill B.V.,24717,scapeko,Cote d'Ivoire,11/26/2025,1199,249,1482,104,56532,56161,,4546,,30,30,,,17,0,17,0
50101 - Cargill B.V.,50101,Cargill B.V.,24718,scapen,Cote d'Ivoire,11/26/2025,1425,587,1105,860,108631,108003,,405,,29,29,,,12,3,12,0
50101 - Cargill B.V.,50101,Cargill B.V.,24719,scardi,Cote d'Ivoire,11/26/2025,505,1119,1156,638,41543,41351,,2502,,31,31,,,11,0,10,0
50101 - Cargill B.V.,50101,Cargill B.V.,24720,scareg,Cote d'Ivoire,11/26/2025,1720,1245,2505,468,121882,121594,,2794,,29,29,,,28,7,26,1
50101 - Cargill B.V.,50101,Cargill B.V.,24721,scbg,Cote d'Ivoire,11/26/2025,372,154,485,61,19382,19364,,1597,,30,30,,,9,2,9,0
50101 - Cargill B.V.,50101,Cargill B.V.,24722,scjpab,Cote d'Ivoire,11/26/2025,2812,1480,4286,140,244298,243746,,725,,30,30,,,5,1,5,0
50101 - Cargill B.V.,50101,Cargill B.V.,24723,scnvca,Cote d'Ivoire,11/26/2025,1751,1269,2520,827,87016,86427,,4692,,30,30,,,25,8,22,0
50101 - Cargill B.V.,50101,Cargill B.V.,24724,scoopaa,Cote d'Ivoire,11/26/2025,1032,15,1047,0,77671,77352,,12,,30,30,,,10,4,10,0
50101 - Cargill B.V.,50101,Cargill B.V.,24725,socab,Cote d'Ivoire,11/26/2025,,250,201,90,0,0,,223,,31,31,,,1,0,1,0
50101 - Cargill B.V.,50101,Cargill B.V.,24726,socada,Cote d'Ivoire,11/26/2025,948,430,1357,209,84444,83817,,331,,29,29,,,13,2,12,0
50101 - Cargill B.V.,50101,Cargill B.V.,24727,socadag,Cote d'Ivoire,11/26/2025,696,373,1041,177,82918,82811,,5183,,29,29,,,12,1,11,0
50101 - Cargill B.V.,50101,Cargill B.V.,24728,soconava,Cote d'Ivoire,11/26/2025,,581,368,237,0,0,,1676,,27,27,,,5,1,5,0
50101 - Cargill B.V.,50101,Cargill B.V.,24729,socoopa,Cote d'Ivoire,11/26/2025,576,278,842,140,14260,14208,,1072,,28,28,,,7,1,6,0
50101 - Cargill B.V.,50101,Cargill B.V.,24730,socopa,Cote d'Ivoire,11/26/2025,2537,1974,3711,1346,219352,218470,,12,,31,31,,,15,1,12,0
50101 - Cargill B.V.,50101,Cargill B.V.,24731,souhontakako,Cote d'Ivoire,11/26/2025,,331,16,315,0,0,,,,28,28,,,,,,0
50101 - Cargill B.V.,50101,Cargill B.V.,24732,ucodel,Cote d'Ivoire,11/26/2025,3428,1109,4723,409,67679,65740,,,,31,31,,,74,14,58,0
50101 - Cargill B.V.,50101,Cargill B.V.,24733,yeyobie,Cote d'Ivoire,11/26/2025,,831,541,341,0,0,,1502,,28,28,,,,,,0
50101 - Cargill B.V.,50101,Cargill B.V.,24761,agbs,Cote d'Ivoire,11/26/2025,1426,1761,2578,568,112490,111696,,801,,30,30,,,20,14,22,0
50101 - Cargill B.V.,50101,Cargill B.V.,24762,cabend,Cote d'Ivoire,11/26/2025,2137,581,2206,535,57954,57694,,,,31,31,,,24,8,24,1
50101 - Cargill B.V.,50101,Cargill B.V.,24763,coopaadi,Cote d'Ivoire,11/26/2025,367,254,483,176,43724,43281,,1211,,31,31,,,9,2,8,0
50101 - Cargill B.V.,50101,Cargill B.V.,24764,socodag,Cote d'Ivoire,11/26/2025,1047,361,1123,412,109939,109462,,3628,,29,29,,,14,0,15,0
50101 - Cargill B.V.,50101,Cargill B.V.,24772,agrel,Cote d'Ivoire,11/26/2025,616,167,647,189,63984,63278,,1811,,41,41,,,12,3,9,0
50101 - Cargill B.V.,50101,Cargill B.V.,24773,socanc,Cote d'Ivoire,11/26/2025,303,337,578,106,55440,55110,,1953,,30,30,,,7,1,7,0
50101 - Cargill B.V.,50101,Cargill B.V.,24774,kako,Cote d'Ivoire,11/26/2025,403,90,562,17,49731,49669,,1006,,29,29,,,8,2,5,0
50101 - Cargill B.V.,50101,Cargill B.V.,24775,coopyma,Cote d'Ivoire,11/26/2025,657,500,1021,335,66124,65482,,1070,,33,33,,,7,3,6,0
50101 - Cargill B.V.,50101,Cargill B.V.,24776,kgs,Cote d'Ivoire,11/26/2025,1056,258,1320,137,151381,147745,,1517,,33,33,,,10,4,8,0
50101 - Cargill B.V.,50101,Cargill B.V.,24777,socoopagos,Cote d'Ivoire,11/26/2025,1236,1025,2115,379,16211,16210,,,,31,31,,,10,2,10,0
50101 - Cargill B.V.,50101,Cargill B.V.,24784,benkadi,Cote d'Ivoire,11/26/2025,818,434,1229,227,102676,101918,,3297,,31,31,,,14,3,14,0
50101 - Cargill B.V.,50101,Cargill B.V.,24785,socaan,Cote d'Ivoire,11/26/2025,1508,2288,3164,990,55658,54988,,,,32,32,,,37,11,31,0
50101 - Cargill B.V.,50101,Cargill B.V.,24808,etc,Cote d'Ivoire,11/26/2025,1774,1906,2579,1278,30872,30812,,,,37,37,,,43,36,42,0
50101 - Cargill B.V.,50101,Cargill B.V.,24809,coopama,Cote d'Ivoire,11/26/2025,690,324,1088,30,23375,21981,,,,34,34,,,8,4,7,0
50101 - Cargill B.V.,50101,Cargill B.V.,24810,cann,Cote d'Ivoire,11/26/2025,749,1229,1658,320,40294,40110,,1557,,30,30,,,18,2,15,0
50101 - Cargill B.V.,50101,Cargill B.V.,24841,cagnan,Cote d'Ivoire,11/26/2025,495,274,607,169,57262,56739,,373,,30,30,,,4,1,4,0
50101 - Cargill B.V.,50101,Cargill B.V.,24842,camaye,Cote d'Ivoire,11/26/2025,793,1069,1408,917,129526,128812,,883,,29,29,,,27,6,23,0
50101 - Cargill B.V.,50101,Cargill B.V.,24843,camd,Cote d'Ivoire,11/26/2025,1183,743,1747,297,9978,9975,,,,29,29,,,7,0,6,0
50101 - Cargill B.V.,50101,Cargill B.V.,24844,coopaahs,Cote d'Ivoire,11/26/2025,2054,3809,4665,1373,61584,61267,,1,,29,29,,,12,4,11,1
50101 - Cargill B.V.,50101,Cargill B.V.,24845,coopac,Cote d'Ivoire,11/26/2025,474,530,627,436,24125,23350,,1367,,29,29,,,10,1,10,0
50101 - Cargill B.V.,50101,Cargill B.V.,24846,coopasod,Cote d'Ivoire,11/26/2025,1453,455,1926,3,123580,123340,,1338,,30,30,,,11,1,9,0
50101 - Cargill B.V.,50101,Cargill B.V.,24847,ecapagz,Cote d'Ivoire,11/26/2025,674,605,1126,393,69955,69437,,2651,,30,30,,,12,6,10,1
50101 - Cargill B.V.,50101,Cargill B.V.,24848,ecaso,Cote d'Ivoire,11/26/2025,807,558,1088,337,114137,113290,,4693,,33,33,,,8,3,8,0
50101 - Cargill B.V.,50101,Cargill B.V.,24849,socabb,Cote d'Ivoire,11/26/2025,959,1510,2162,428,107373,106380,,3309,,28,28,,,8,1,8,0
50101 - Cargill B.V.,50101,Cargill B.V.,24850,socaben,Cote d'Ivoire,11/26/2025,411,657,718,409,78467,77719,,2128,,28,28,,,6,0,6,1
50101 - Cargill B.V.,50101,Cargill B.V.,24851,socarebia,Cote d'Ivoire,11/26/2025,1122,983,1933,326,2893,2893,,,,31,31,,,5,7,5,0
50101 - Cargill B.V.,50101,Cargill B.V.,24852,socarl,Cote d'Ivoire,11/26/2025,707,485,1110,147,41820,41061,,8294,,29,29,,,8,1,8,0
50101 - Cargill B.V.,50101,Cargill B.V.,24853,scinpa,Cote d'Ivoire,11/26/2025,1422,2451,2976,2426,100016,99249,,2056,,32,32,,,49,1,43,0
50101 - Cargill B.V.,50101,Cargill B.V.,24854,scoakhs,Cote d'Ivoire,11/26/2025,888,380,1221,112,52490,51992,,4464,,29,29,,,6,6,6,0
50101 - Cargill B.V.,50101,Cargill B.V.,24855,scoopadou,Cote d'Ivoire,11/26/2025,658,753,1260,177,53537,53309,,1565,,30,30,,,6,1,6,0
50101 - Cargill B.V.,50101,Cargill B.V.,24856,scoopakof,Cote d'Ivoire,11/26/2025,1104,189,1308,36,130988,129985,,2982,,29,29,,,15,3,13,1
50101 - Cargill B.V.,50101,Cargill B.V.,24857,scapb,Cote d'Ivoire,11/26/2025,271,73,333,12,28216,28110,,1901,,3,3,,,0,8,0,0
50101 - Cargill B.V.,50101,Cargill B.V.,24861,pago,Cote d'Ivoire,11/26/2025,,3374,1212,2188,49431,47443,,9,,3,3,,,0,8,0,0
50101 - Cargill B.V.,50101,Cargill B.V.,24896,coopaga,Cote d'Ivoire,11/26/2025,1370,585,1595,633,41143,40640,,29,,30,30,,,13,0,12,1
50101 - Cargill B.V.,50101,Cargill B.V.,24897,coopaaproman,Cote d'Ivoire,11/26/2025,1052,119,2203,110,96837,94118,,4122,,30,30,,,13,12,11,0
50101 - Cargill B.V.,50101,Cargill B.V.,24898,ecamom,Cote d'Ivoire,11/26/2025,934,2861,2290,1536,105921,105578,,3326,,29,29,,,10,1,10,1
50101 - Cargill B.V.,50101,Cargill B.V.,24899,uscrg,Cote d'Ivoire,11/26/2025,893,555,1300,208,122789,122412,,2172,,29,29,,,9,1,8,0
50101 - Cargill B.V.,50101,Cargill B.V.,24901,coopebia,Cote d'Ivoire,11/26/2025,583,1093,1306,561,107545,107385,,1640,,29,29,,,7,0,7,0
50101 - Cargill B.V.,50101,Cargill B.V.,24902,cpb,Cote d'Ivoire,11/26/2025,803,241,923,151,104860,102033,,1853,,28,28,,,8,2,8,0
50101 - Cargill B.V.,50101,Cargill B.V.,24903,ecatamea,Cote d'Ivoire,11/26/2025,3210,444,3457,331,55337,55252,,,,32,32,,,27,8,21,0
50101 - Cargill B.V.,50101,Cargill B.V.,24904,scoopaso,Cote d'Ivoire,11/26/2025,695,338,1067,130,9810,9621,,7156,,31,31,,,18,7,17,0
50101 - Cargill B.V.,50101,Cargill B.V.,24905,cooprabed,Cote d'Ivoire,11/26/2025,1499,1282,2674,240,144701,143838,,2530,,29,29,,,9,1,9,0
50101 - Cargill B.V.,50101,Cargill B.V.,24908,agrial,Cote d'Ivoire,11/26/2025,1406,842,1845,483,17983,17908,,,,30,30,,,6,5,6,0
50101 - Cargill B.V.,50101,Cargill B.V.,24909,coopaweb,Cote d'Ivoire,11/26/2025,2012,3675,5651,387,171350,170818,,3365,,29,29,,,47,3,41,0
50101 - Cargill B.V.,50101,Cargill B.V.,24910,scoopalo,Cote d'Ivoire,11/26/2025,678,778,654,836,74958,74165,,1207,,29,29,,,10,4,10,0
50101 - Cargill B.V.,50101,Cargill B.V.,24911,soceda,Cote d'Ivoire,11/26/2025,,838,596,296,28730,28663,,1947,,29,29,,,0,5,0,0
50101 - Cargill B.V.,50101,Cargill B.V.,24912,yawoube,Cote d'Ivoire,11/26/2025,2568,1792,3321,1470,43692,43617,,1,,30,30,,,21,12,20,0
50101 - Cargill B.V.,50101,Cargill B.V.,24913,socoopagagny,Cote d'Ivoire,11/26/2025,1029,3330,3575,910,180631,178716,,3591,,29,29,,,9,3,8,0
50101 - Cargill B.V.,50101,Cargill B.V.,24918,cayat,Cote d'Ivoire,11/26/2025,1270,1910,2495,1232,58003,57736,,,,35,35,,,46,39,44,1
50101 - Cargill B.V.,50101,Cargill B.V.,24932,socodd,Cote d'Ivoire,11/26/2025,3170,1845,4584,969,70309,69766,,1,,32,32,,,48,4,45,2
50101 - Cargill B.V.,50101,Cargill B.V.,24939,ecofab,Cote d'Ivoire,11/26/2025,397,1002,1183,121,64619,64413,,1482,,29,29,,,11,5,11,0
50101 - Cargill B.V.,50101,Cargill B.V.,25004,cabdcoop,Cote d'Ivoire,11/26/2025,458,276,675,111,67533,67066,,612,,31,31,,,12,5,12,1
50101 - Cargill B.V.,50101,Cargill B.V.,25037,ampenim,Ghana,11/26/2025,2891,46,4911,1367,98843,98747,,3875,,63,63,,,39,66,30,0
50101 - Cargill B.V.,50101,Cargill B.V.,25039,anhwiaso,Ghana,11/26/2025,5762,849,14464,2714,199290,199097,,16827,,63,63,,,76,64,57,0
50101 - Cargill B.V.,50101,Cargill B.V.,25041,asawinso,Ghana,11/26/2025,5441,527,13031,1727,193119,192512,,13481,,62,62,,,68,125,25,0
50101 - Cargill B.V.,50101,Cargill B.V.,25043,asempaneye,Ghana,11/26/2025,3423,249,7886,1089,118463,118185,,4642,,59,59,,,50,93,28,1
50101 - Cargill B.V.,50101,Cargill B.V.,25045,awaso,Ghana,11/26/2025,6434,3059,13446,5632,152251,152043,,14007,,87,87,,,58,95,53,1
50101 - Cargill B.V.,50101,Cargill B.V.,25047,debisoa,Ghana,11/26/2025,3785,432,7543,1112,128292,128203,,3759,,64,64,,,48,81,27,1
50101 - Cargill B.V.,50101,Cargill B.V.,25049,debisob,Ghana,11/26/2025,1365,97,2243,492,49242,49059,,1370,,64,64,,,32,44,26,1
50101 - Cargill B.V.,50101,Cargill B.V.,25051,essam,Ghana,11/26/2025,1975,306,4112,857,86882,86438,,10242,,64,64,,,49,52,36,1
50101 - Cargill B.V.,50101,Cargill B.V.,25053,wiawso,Ghana,11/26/2025,6023,2359,14432,3415,161033,160560,,14554,,61,61,,,70,90,59,1
50101 - Cargill B.V.,50101,Cargill B.V.,25057,nyinahin,Ghana,11/26/2025,3411,402,5874,1518,127396,126739,,5679,,62,62,,,33,83,23,2
50101 - Cargill B.V.,50101,Cargill B.V.,25067,bangassina,Cameroon,11/26/2025,944,8008,3405,9914,44318,43284,,,,6,6,,,0,1,0,0
50101 - Cargill B.V.,50101,Cargill B.V.,25071,ebolowa,Cameroon,11/26/2025,3520,4406,5944,5872,22089,21946,,,,5,5,,,,,,0
50101 - Cargill B.V.,50101,Cargill B.V.,25073,sangmelima,Cameroon,11/26/2025,3337,4546,6467,3862,23856,23824,,,,4,4,,,,,,0
50101 - Cargill B.V.,50101,Cargill B.V.,25075,kumba,Cameroon,11/26/2025,2776,2763,4021,5712,228883,224595,,,,6,6,,,0,1,0,0
50101 - Cargill B.V.,50101,Cargill B.V.,25077,tombel,Cameroon,11/26/2025,4277,801,5048,1677,40301,40028,,,,4,4,,,0,2,0,0
50101 - Cargill B.V.,50101,Cargill B.V.,25079,bachuo,Cameroon,11/26/2025,,1811,0,2878,0,0,,,,23,23,,,,,,1
50101 - Cargill B.V.,50101,Cargill B.V.,25081,munyenge,Cameroon,11/26/2025,29,4075,964,7220,0,0,,,,5,5,,,,,,0
50101 - Cargill B.V.,50101,Cargill B.V.,25083,yokadouma,Cameroon,11/26/2025,1098,2440,3436,149,15463,15439,,,,4,4,,,,,,0
50101 - Cargill B.V.,50101,Cargill B.V.,25091,cabf,Cote d'Ivoire,11/26/2025,867,389,1247,17,12661,12630,,,,28,28,,,4,2,4,0
50101 - Cargill B.V.,50101,Cargill B.V.,25093,cadesa,Cote d'Ivoire,11/26/2025,1187,1285,2643,109,74850,74541,,,,33,33,,,13,1,13,0
50101 - Cargill B.V.,50101,Cargill B.V.,25095,ecsp,Cote d'Ivoire,11/26/2025,,2050,824,1317,0,0,,,,29,29,,,0,4,0,0
50101 - Cargill B.V.,50101,Cargill B.V.,25126,ntui,Cameroon,11/26/2025,2062,381,3101,713,97234,96635,,10293,,4,4,,,,,,0
50101 - Cargill B.V.,50101,Cargill B.V.,25128,obala,Cameroon,11/26/2025,3437,1663,6368,2701,70181,67961,,27154,,6,6,,,,,,0
50101 - Cargill B.V.,50101,Cargill B.V.,25130,bafia,Cameroon,11/26/2025,4083,6797,5376,12838,102882,102012,,39265,,8,8,,,0,1,0,0
50101 - Cargill B.V.,50101,Cargill B.V.,25176,cpt,Brazil,11/26/2025,1412,554,5719,1014,95055,1,,,,90,90,,,476,452,409,2
50101 - Cargill B.V.,50101,Cargill B.V.,25214,bokito,Cameroon,11/26/2025,2463,456,3248,1130,32869,31592,,,,4,4,,,,,,0
50101 - Cargill B.V.,50101,Cargill B.V.,25215,makenene,Cameroon,11/26/2025,2081,1166,2756,2556,17688,17605,,,,4,4,,,0,1,0,0
50101 - Cargill B.V.,50101,Cargill B.V.,25219,talba,Cameroon,11/26/2025,1455,86,1591,183,49023,48756,,,,4,4,,,0,22,0,0
50101 - Cargill B.V.,50101,Cargill B.V.,25226,cabid,Cote d'Ivoire,11/26/2025,1208,138,1418,6,105287,104948,,,,28,28,,,10,0,7,1
50101 - Cargill B.V.,50101,Cargill B.V.,25227,baracoopca,Cote d'Ivoire,11/26/2025,1980,863,2661,223,83152,82997,,,,26,26,,,14,2,13,1
50101 - Cargill B.V.,50101,Cargill B.V.,25230,coopanam,Cote d'Ivoire,11/26/2025,1520,372,1764,127,55804,55614,,,,28,28,,,11,2,11,1
50101 - Cargill B.V.,50101,Cargill B.V.,25231,socods,Cote d'Ivoire,11/26/2025,569,338,839,100,34912,34902,,,,27,27,,,18,1,18,1
50101 - Cargill B.V.,50101,Cargill B.V.,25234,ecam,Cote d'Ivoire,11/26/2025,4085,174,5030,252,30614,30531,,,,32,32,,,9,9,8,1
50101 - Cargill B.V.,50101,Cargill B.V.,25235,ecafhs,Cote d'Ivoire,11/26/2025,2187,767,3018,0,91537,91481,,,,27,27,,,19,1,15,1
50101 - Cargill B.V.,50101,Cargill B.V.,25237,coopad,Cote d'Ivoire,11/26/2025,2198,187,2330,136,159798,159644,,,,25,25,,,12,1,9,1
50101 - Cargill B.V.,50101,Cargill B.V.,25239,ek,Cote d'Ivoire,11/26/2025,,554,0,645,0,0,,,,25,25,,,0,9,0,0
50101 - Cargill B.V.,50101,Cargill B.V.,25241,scoowend,Cote d'Ivoire,11/26/2025,592,160,726,26,43944,43443,,,,26,26,,,6,2,5,1
50101 - Cargill B.V.,50101,Cargill B.V.,25250,cbfd,Brazil,11/26/2025,134,,534,1,0,0,,,,5,5,,,,,,1
50101 - Cargill B.V.,50101,Cargill B.V.,25260,ecspduekoue,Cote d'Ivoire,11/26/2025,3844,122,3377,596,89352,89072,,,,29,29,,,19,0,15,1
50101 - Cargill B.V.,50101,Cargill B.V.,25262,sama,Cote d'Ivoire,11/26/2025,750,60,804,11,8175,8163,,,,25,25,,,6,1,6,1
50101 - Cargill B.V.,50101,Cargill B.V.,25263,ecag,Cote d'Ivoire,11/26/2025,451,180,638,18,16034,15932,,,,25,25,,,4,3,4,1
50101 - Cargill B.V.,50101,Cargill B.V.,25266,newedubiase,Ghana,11/26/2025,5001,1,7841,2836,95739,94066,,1704,,49,49,,,47,95,29,0
50101 - Cargill B.V.,50101,Cargill B.V.,25267,ashantibekwai,Ghana,11/26/2025,3829,,6125,2169,71729,71175,,988,,47,47,,,53,30,22,0
50101 - Cargill B.V.,50101,Cargill B.V.,25270,assinfosu,Ghana,11/26/2025,3561,2,6913,1395,83090,82546,,1073,,44,44,,,36,38,28,0
50101 - Cargill B.V.,50101,Cargill B.V.,25429,ccce,Ecuador,11/26/2025,1047,532,3054,13,0,0,,,,17,17,,,4,0,4,1
50101 - Cargill B.V.,50101,Cargill B.V.,26003,cafuc,Cote d'Ivoire,11/26/2025,982,22,1069,0,47303,47080,,,,27,27,,,13,2,13,0
50101 - Cargill B.V.,50101,Cargill B.V.,26005,cabag,Cote d'Ivoire,11/26/2025,966,1,1003,16,32540,32502,,,,30,30,,,6,1,6,0
50101 - Cargill B.V.,50101,Cargill B.V.,26006,cagb,Cote d'Ivoire,11/26/2025,1009,2,1087,0,52117,51876,,,,27,27,,,8,1,8,0
50101 - Cargill B.V.,50101,Cargill B.V.,26008,calb,Cote d'Ivoire,11/26/2025,756,57,741,129,52730,52593,,,,26,26,,,9,2,9,0
50101 - Cargill B.V.,50101,Cargill B.V.,26010,caproblo,Cote d'Ivoire,11/26/2025,1210,188,1222,186,71719,71339,,,,27,27,,,7,2,7,0
50101 - Cargill B.V.,50101,Cargill B.V.,26012,ceaa,Cote d'Ivoire,11/26/2025,1005,95,1083,38,57810,57579,,,,28,28,,,6,1,6,0
50101 - Cargill B.V.,50101,Cargill B.V.,26014,lag,Cote d'Ivoire,11/26/2025,1720,168,1969,47,79040,78421,,,,28,28,,,21,1,21,0
50101 - Cargill B.V.,50101,Cargill B.V.,26016,coopaths,Cote d'Ivoire,11/26/2025,841,192,990,53,38854,38051,,,,29,29,,,6,2,6,0
50101 - Cargill B.V.,50101,Cargill B.V.,26018,djouman,Cote d'Ivoire,11/26/2025,1056,6,1036,107,24881,24810,,,,27,27,,,6,0,6,0
50101 - Cargill B.V.,50101,Cargill B.V.,26020,ecamkossou,Cote d'Ivoire,11/26/2025,1593,710,2124,188,20214,19641,,,,29,29,,,13,2,11,0
50101 - Cargill B.V.,50101,Cargill B.V.,26022,ecao,Cote d'Ivoire,11/26/2025,1094,14,1106,2,21332,21258,,,,28,28,,,8,4,8,0
50101 - Cargill B.V.,50101,Cargill B.V.,26024,scoopamou,Cote d'Ivoire,11/26/2025,360,1095,1453,3,28977,28952,,,,27,27,,,5,0,5,0
50101 - Cargill B.V.,50101,Cargill B.V.,26026,ekmbatto,Cote d'Ivoire,11/26/2025,,,0,0,0,0,,,,25,25,,,,,,0
50101 - Cargill B.V.,50101,Cargill B.V.,26028,socaba,Cote d'Ivoire,11/26/2025,959,570,1289,240,12699,12668,,,,30,30,,,11,1,10,0
50101 - Cargill B.V.,50101,Cargill B.V.,26030,soceadahs,Cote d'Ivoire,11/26/2025,1524,410,1935,15,76535,76152,,,,28,28,,,5,0,5,0
50101 - Cargill B.V.,50101,Cargill B.V.,26032,socopans,Cote d'Ivoire,11/26/2025,1345,35,1154,241,23347,23111,,,,30,30,,,12,4,12,0
50101 - Cargill B.V.,50101,Cargill B.V.,26042,scoopuf,Cote d'Ivoire,11/26/2025,741,49,802,2,36555,36171,,,,28,28,,,7,1,7,0
50101 - Cargill B.V.,50101,Cargill B.V.,26044,scaod,Cote d'Ivoire,11/26/2025,700,172,854,136,11194,11141,,,,26,26,,,6,0,6,0
50101 - Cargill B.V.,50101,Cargill B.V.,26046,mindobie,Cote d'Ivoire,11/26/2025,636,155,829,0,13511,13499,,,,27,27,,,6,0,5,0
50101 - Cargill B.V.,50101,Cargill B.V.,26048,rasso,Cote d'Ivoire,11/26/2025,997,311,981,530,34807,34597,,,,27,27,,,18,0,18,0
50101 - Cargill B.V.,50101,Cargill B.V.,26107,akimoda,Ghana,11/26/2025,3247,11,4467,1548,45071,43862,,2079,,37,37,,,48,39,34,0
50101 - Cargill B.V.,50101,Cargill B.V.,26109,bremanasikuma,Ghana,11/26/2025,4268,,5333,2804,58585,57632,,3032,,40,40,,,29,47,29,0
50101 - Cargill B.V.,50101,Cargill B.V.,26269,botmakak,Cameroon,11/26/2025,2520,1166,2686,1000,5864,5853,,,,5,5,,,,,,0
50101 - Cargill B.V.,50101,Cargill B.V.,26436,ecab,Cote d'Ivoire,11/26/2025,1766,7,1807,7,5119,5076,,,,16,16,,,7,1,7,0
50101 - Cargill B.V.,50101,Cargill B.V.,26801,of,Madagascar,11/26/2025,236,,0,236,302,279,416,2368,,5,5,,,4,3,4,1
50101 - Cargill B.V.,50101,Cargill B.V.,26851,twifopraso,Ghana,11/26/2025,2401,,2876,2094,12449,12317,,2844,,24,24,,,25,19,20,0
50101 - Cargill B.V.,50101,Cargill B.V.,26857,bogoso,Ghana,11/26/2025,2352,,1206,2064,12521,12084,,2657,,27,27,,,42,24,40,0
50103 - Red River Foods Ghana Limited,50103,Red River Foods Ghana Limited,24787,rrf,Ghana,11/26/2025,6367,,6479,2421,1923,0,,7200,3,3,3,,40,4,52,4,1
50103 - Red River Foods Ghana Limited,50103,Red River Foods Ghana Limited,24788,rrfbn,Benin,11/26/2025,704,,848,3,0,0,,718,1,1,1,,,,,,0
50103 - Red River Foods Ghana Limited,50103,Red River Foods Ghana Limited,24789,rrfivc,Cote d'Ivoire,11/26/2025,906,,991,1,0,0,,2122,1,1,1,,,0,9,0,0
50104 - OTC Organics B.V.,50104,OTC Organics B.V.,24780,otccolombia,Colombia,11/26/2025,60,,42,21,889,0,49,4,2,10,2,8,1,1,3,1,1
50114 - GCB Cocoa Singapore Pte. Ltd.,50114,GCB Cocoa Singapore Pte. Ltd.,10011,gcbscuw,Cote d'Ivoire,11/26/2025,474,50,422,108,7451,7358,850,1917,3,1,1,,4,0,2,0,0
50114 - GCB Cocoa Singapore Pte. Ltd.,50114,GCB Cocoa Singapore Pte. Ltd.,10012,gcbsocag,Cote d'Ivoire,11/26/2025,457,341,568,290,17877,17828,136,3480,3,1,1,,5,1,0,1,0
50114 - GCB Cocoa Singapore Pte. Ltd.,50114,GCB Cocoa Singapore Pte. Ltd.,10013,gcbsocas,Cote d'Ivoire,11/26/2025,511,72,559,17,6163,5904,173,3769,3,1,1,,5,1,1,1,1
50114 - GCB Cocoa Singapore Pte. Ltd.,50114,GCB Cocoa Singapore Pte. Ltd.,24760,gcbcoopabak,Cote d'Ivoire,11/26/2025,448,1155,437,1165,14651,14606,10,2275,4,1,1,,5,2,0,2,0
50114 - GCB Cocoa Singapore Pte. Ltd.,50114,GCB Cocoa Singapore Pte. Ltd.,24765,gcbsocaya,Cote d'Ivoire,11/26/2025,455,476,508,327,7361,7031,259,2980,3,1,1,,4,1,0,1,1
50114 - GCB Cocoa Singapore Pte. Ltd.,50114,GCB Cocoa Singapore Pte. Ltd.,24766,gcbscafud,Cote d'Ivoire,11/26/2025,718,117,854,0,4972,4872,554,2716,3,1,1,,5,1,6,1,4
50114 - GCB Cocoa Singapore Pte. Ltd.,50114,GCB Cocoa Singapore Pte. Ltd.,24767,gcbsocojaak,Cote d'Ivoire,11/26/2025,819,60,873,27,9650,9418,82,4998,3,1,1,,8,0,2,0,1
50114 - GCB Cocoa Singapore Pte. Ltd.,50114,GCB Cocoa Singapore Pte. Ltd.,24768,gcbsocoopan,Cote d'Ivoire,11/26/2025,606,599,1126,5,6150,6091,321,3241,3,1,1,,6,1,4,1,2
50114 - GCB Cocoa Singapore Pte. Ltd.,50114,GCB Cocoa Singapore Pte. Ltd.,24769,gcbsocopal,Cote d'Ivoire,11/26/2025,580,195,665,126,9503,9467,191,3775,3,1,1,,5,1,0,1,1
50114 - GCB Cocoa Singapore Pte. Ltd.,50114,GCB Cocoa Singapore Pte. Ltd.,25178,gcbecepag,Cote d'Ivoire,11/26/2025,1760,660,2434,9,4855,4820,165,1833,3,1,1,,7,1,8,1,0
50114 - GCB Cocoa Singapore Pte. Ltd.,50114,GCB Cocoa Singapore Pte. Ltd.,25179,gcbscoops,Cote d'Ivoire,11/26/2025,707,319,1033,0,15590,15438,63,1641,3,1,1,,6,3,3,2,2
50114 - GCB Cocoa Singapore Pte. Ltd.,50114,GCB Cocoa Singapore Pte. Ltd.,26080,gcbscoabeg,Cote d'Ivoire,11/26/2025,500,,330,170,2399,2389,48,1,2,1,1,,6,1,7,1,0
50114 - GCB Cocoa Singapore Pte. Ltd.,50114,GCB Cocoa Singapore Pte. Ltd.,26149,gcbpsp,Cote d'Ivoire,11/26/2025,588,96,689,0,1786,1762,,,3,1,1,,6,1,6,1,0
50114 - GCB Cocoa Singapore Pte. Ltd.,50114,GCB Cocoa Singapore Pte. Ltd.,26153,gcbscapud,Cote d'Ivoire,11/26/2025,759,701,1568,0,19725,19338,,,1,1,1,,6,1,0,1,0
50114 - GCB Cocoa Singapore Pte. Ltd.,50114,GCB Cocoa Singapore Pte. Ltd.,26155,gcbscagrem,Cote d'Ivoire,11/26/2025,673,15,717,2,9401,9267,90,,1,1,1,,5,1,4,1,0
50114 - GCB Cocoa Singapore Pte. Ltd.,50114,GCB Cocoa Singapore Pte. Ltd.,26163,gcbsocopeck,Cote d'Ivoire,11/26/2025,511,24,675,0,0,0,,,1,1,1,,4,1,0,1,0
50114 - GCB Cocoa Singapore Pte. Ltd.,50114,GCB Cocoa Singapore Pte. Ltd.,26165,gcbscasb,Cote d'Ivoire,11/26/2025,799,128,927,0,0,0,,,1,1,1,,6,1,1,1,0
50114 - GCB Cocoa Singapore Pte. Ltd.,50114,GCB Cocoa Singapore Pte. Ltd.,26167,gcbscak,Cote d'Ivoire,11/26/2025,411,152,562,0,1,0,,,1,1,1,,5,1,0,1,0
50114 - GCB Cocoa Singapore Pte. Ltd.,50114,GCB Cocoa Singapore Pte. Ltd.,26217,gcbscaaci,Cote d'Ivoire,11/26/2025,418,6,434,0,8165,8026,,,1,1,1,,4,1,1,1,0
50114 - GCB Cocoa Singapore Pte. Ltd.,50114,GCB Cocoa Singapore Pte. Ltd.,26279,gcbscoapani,Cote d'Ivoire,11/26/2025,512,144,500,157,5357,5290,,,1,1,1,,5,1,4,1,0
50114 - GCB Cocoa Singapore Pte. Ltd.,50114,GCB Cocoa Singapore Pte. Ltd.,26358,gcbscaneb,Cote d'Ivoire,11/26/2025,508,2,512,0,12979,12806,,,1,1,1,,1,1,0,1,0
50114 - GCB Cocoa Singapore Pte. Ltd.,50114,GCB Cocoa Singapore Pte. Ltd.,26360,gcbscad,Cote d'Ivoire,11/26/2025,823,395,1250,0,0,0,,,1,1,1,,1,1,1,1,0
50114 - GCB Cocoa Singapore Pte. Ltd.,50114,GCB Cocoa Singapore Pte. Ltd.,26364,gcbscowend2,Cote d'Ivoire,11/26/2025,443,33,476,0,0,0,,,1,1,1,,1,0,2,0,0
50114 - GCB Cocoa Singapore Pte. Ltd.,50114,GCB Cocoa Singapore Pte. Ltd.,26366,gcbcaf2b,Cote d'Ivoire,11/26/2025,495,90,483,104,4789,4701,,,1,1,1,,1,1,1,1,1
50114 - GCB Cocoa Singapore Pte. Ltd.,50114,GCB Cocoa Singapore Pte. Ltd.,26368,gcbsocadja,Cote d'Ivoire,11/26/2025,467,1,554,0,0,0,,,1,1,1,,1,0,2,0,1
50114 - GCB Cocoa Singapore Pte. Ltd.,50114,GCB Cocoa Singapore Pte. Ltd.,26370,gcbcal2b,Cote d'Ivoire,11/26/2025,853,205,1138,0,4708,4520,,,1,1,1,,1,1,1,1,1
50114 - GCB Cocoa Singapore Pte. Ltd.,50114,GCB Cocoa Singapore Pte. Ltd.,26404,gcbsocob,Cote d'Ivoire,11/26/2025,496,3,499,0,0,0,,,1,1,1,,1,1,1,1,0
50114 - GCB Cocoa Singapore Pte. Ltd.,50114,GCB Cocoa Singapore Pte. Ltd.,26841,gcbindonesia,Indonesia,11/26/2025,3372,280,2803,1248,18297,18297,1620,,10,4,4,,10,2,2,2,0
50114 - GCB Cocoa Singapore Pte. Ltd.,50114,GCB Cocoa Singapore Pte. Ltd.,27542,gcbupaci,Cote d'Ivoire,11/26/2025,665,,665,0,0,0,,,2,3,3,,1,1,0,1,0
50114 - GCB Cocoa Singapore Pte. Ltd.,50114,GCB Cocoa Singapore Pte. Ltd.,27543,gcbscadog,Cote d'Ivoire,11/26/2025,617,,0,617,0,0,,,2,3,3,,1,1,0,1,0
50116 - Tatepa for Wakulima Tea Company Ltd.,50116,Tatepa for Wakulima Tea Company Ltd.,24806,watco,United Republic of Tanzania,11/26/2025,12475,,16801,11,1,0,3186,2513,5,4,4,,15,15,4,15,1
50120 - Sucden Coffee Netherlands B.V.,50120,Sucden Coffee Netherlands B.V.,24797,sucdencolombia,Colombia,11/26/2025,5103,29,8223,744,0,0,13899,79274,9,9,9,,22,22,34,22,2
50121 - TechnoServe Inc.,50121,TechnoServe Inc.,24801,takura,Zimbabwe,11/26/2025,1075,,68,391,0,0,2142,254,2,2,1,1,6,5,4,5,1
50124 - The Development Fund of Norway,50124,The Development Fund of Norway,24800,svvc,Ethiopia,11/26/2025,3589,,4390,227,13086,11244,5433,4428,8,5,5,,47,26,54,20,1
50125 - Acceso Impact Inc./Elevate Social Businesses,50125,Acceso Impact Inc./Elevate Social Businesses,10021,accesocolombia,Colombia,11/26/2025,5438,279,1335,176,5,0,10303,8309,7,7,7,,15,13,6,13,0
50125 - Acceso Impact Inc./Elevate Social Businesses,50125,Acceso Impact Inc./Elevate Social Businesses,24734,accesoelsalvador,El Salvador,11/26/2025,11933,1224,10596,18860,4121,0,38576,102388,24,20,20,,37,37,1,37,1
50125 - Acceso Impact Inc./Elevate Social Businesses,50125,Acceso Impact Inc./Elevate Social Businesses,24738,apec,Haiti,11/26/2025,30994,,3175,11196,4066,3503,55749,59806,8,8,8,,30,30,4,27,0
50125 - Acceso Impact Inc./Elevate Social Businesses,50125,Acceso Impact Inc./Elevate Social Businesses,26507,accesoguatemala,Guatemala,11/26/2025,67,,0,0,0,0,24,86,9,9,9,,,0,4,0,0
50127 - Tonys Chocolonely Factory B.V,50127,Tonys Chocolonely Factory B.V,25431,tonyssocoopacdi,Cote d'Ivoire,11/26/2025,2263,,2311,125,0,0,14,1998,3,3,3,,19,19,0,19,2
50127 - Tonys Chocolonely Factory B.V,50127,Tonys Chocolonely Factory B.V,25433,tonysecam,Cote d'Ivoire,11/26/2025,2469,,2510,1,1,0,,3099,3,3,3,,24,24,2,24,1
50128 - ESPEN Organics Senegal (EOSEN) SARL,50128,ESPEN Organics Senegal (EOSEN) SARL,25391,eosen,Senegal,11/26/2025,915,,908,11,8753,8625,280,2457,2,2,2,,4,9,11,4,1
50131 - CAMATIE (Fairtrade - FFA 4),50131,CAMATIE (Fairtrade - FFA 4),26105,camatieims,Cote d'Ivoire,11/26/2025,530,,37,493,0,0,,41,1,4,2,2,6,6,2,6,1
50131 - COOP CA CAGNAN (Fairtrade FFA 4),50131,COOP CA CAGNAN (Fairtrade FFA 4),25403,cagnanims,Cote d'Ivoire,11/26/2025,640,,559,118,0,0,,,,1,1,,,1,0,1,1
"50131 - COOP CA ECAAF, L Entreprise Cooperative Agricole dAffery",50131,"COOP CA ECAAF, L Entreprise Cooperative Agricole dAffery",26086,ecaafims,Cote d'Ivoire,11/26/2025,593,,0,603,0,0,,10,1,3,1,2,8,8,0,8,0
50131 - COOP CA YEYASSO Cooperative Agricole avec Conseil,50131,COOP CA YEYASSO Cooperative Agricole avec Conseil,25447,yeyassoims,Cote d'Ivoire,11/26/2025,5014,,3235,1811,4814,4691,15749,68115,2,4,2,2,23,39,5,45,2
50131 - COOP-CA CPSL,50131,COOP-CA CPSL,25417,cpslims,Cote d'Ivoire,11/26/2025,3756,381,3856,531,5,0,,628,2,5,2,3,18,12,12,12,1
50131 - COOP-CA-ECAPR (Fairtrade FFA 1),50131,COOP-CA-ECAPR (Fairtrade FFA 1),25405,ecaprims,Cote d'Ivoire,11/26/2025,1397,71,1315,153,55,55,46,,2,5,2,3,10,10,1,10,5
50131 - COOPAAAKO (Fairtrade - FFA 4),50131,COOPAAAKO (Fairtrade - FFA 4),26115,coopaaakoims,Cote d'Ivoire,11/26/2025,441,,0,441,0,0,,,2,4,2,2,13,13,1,13,1
50131 - NANTEBESSOU (Fairtrade - FFA 4),50131,NANTEBESSOU (Fairtrade - FFA 4),26113,nantebessouims,Cote d'Ivoire,11/26/2025,478,,478,0,0,0,,,1,3,1,2,13,13,0,13,0
50131 - SCANFI (Fairtrade FFA 4),50131,SCANFI (Fairtrade FFA 4),26082,scanfiims,Cote d'Ivoire,11/26/2025,1673,28,1077,732,14,6,,,2,4,2,2,16,16,1,16,2
50131 - SCOES (Fairtrade FFA 3),50131,SCOES (Fairtrade FFA 3),26062,scoesims,Cote d'Ivoire,11/26/2025,1034,264,248,1051,246,212,33,24,2,4,2,2,8,8,1,8,1
"50131 - SCOOPAKAM COOP CA, Societe Cooperative Agricole de",50131,"SCOOPAKAM COOP CA, Societe Cooperative Agricole de",26050,scoopakamims,Cote d'Ivoire,11/26/2025,2040,,1848,192,1080,971,1573,,1,3,1,2,25,25,5,25,0
50131 - SOCOOPAK COOP-CA (Fairtrade FFA 1),50131,SOCOOPAK COOP-CA (Fairtrade FFA 1),25415,socoopakims,Cote d'Ivoire,11/26/2025,821,136,980,22,0,0,,13,1,3,1,2,7,7,0,7,3
50131 - UPRAD (Fairtrade FFA 1),50131,UPRAD (Fairtrade FFA 1),25413,upradims,Cote d'Ivoire,11/26/2025,1399,,820,579,4,4,275,1,1,4,1,3,7,8,0,8,4
50132 - General Cocoa Company,50132,General Cocoa Company,25451,sucdendr,Dominican Republic,11/26/2025,624,368,2107,1770,0,0,13,275,4,4,4,,9,7,1,7,1
50132 - General Cocoa Company,50132,General Cocoa Company,26177,sucdenmw01,Ecuador,11/26/2025,564,20,608,495,0,0,,,,,,,,,,,0
50132 - General Cocoa Company,50132,General Cocoa Company,26179,sucdenmw02,Ecuador,11/26/2025,724,9,1019,116,0,0,,,,,,,,,,,0
50132 - General Cocoa Company,50132,General Cocoa Company,26181,sucdenmw03,Ecuador,11/26/2025,270,5,404,52,0,0,,,,2,2,,,,,,0
50132 - General Cocoa Company,50132,General Cocoa Company,26183,sucdenmw04,Ecuador,11/26/2025,170,35,239,217,0,0,,,,,,,,,,,0
50132 - General Cocoa Company,50132,General Cocoa Company,26185,sucdenmw05,Ecuador,11/26/2025,300,,581,83,0,0,,,,,,,,,,,0
50132 - General Cocoa Company,50132,General Cocoa Company,26187,sucdenhsy01,Ecuador,11/26/2025,304,221,334,434,0,0,,,,,,,,,,,0
50132 - General Cocoa Company,50132,General Cocoa Company,26189,sucdenhsy02,Ecuador,11/26/2025,416,3,528,123,0,0,,,,,,,,,,,0
50132 - General Cocoa Company,50132,General Cocoa Company,26191,sucdenhsy03,Ecuador,11/26/2025,171,3,230,47,0,0,,,,,,,,,,,0
50132 - General Cocoa Company,50132,General Cocoa Company,26219,sucdenkkfuferrerogh,Ghana,11/26/2025,4383,2861,7371,2487,33210,4538,,,,5,5,,,7,1,7,1
50132 - General Cocoa Company,50132,General Cocoa Company,26221,sucdenolakoko,Nigeria,11/26/2025,3672,2271,6377,5758,0,0,,,,,,,,,,,0
50132 - General Cocoa Company,50132,General Cocoa Company,26223,sucdenferrerong,Nigeria,11/26/2025,1617,634,2920,535,0,0,,,,,,,,,,,0
50132 - General Cocoa Company,50132,General Cocoa Company,26225,sucdennestleng,Nigeria,11/26/2025,822,1039,4122,603,0,0,,,,,,,,,,,0
50132 - General Cocoa Company,50132,General Cocoa Company,26227,sucdenstarlinkng,Nigeria,11/26/2025,1399,2846,6425,1304,0,0,,,,,,,,,,,0
50132 - General Cocoa Company,50132,General Cocoa Company,26229,sucdenkkfumarsgh,Ghana,11/26/2025,4271,1699,3949,5865,51480,11647,,,,5,5,,,5,1,5,0
50132 - General Cocoa Company,50132,General Cocoa Company,26231,sucdenadinkanfostorckgh,Ghana,11/26/2025,4307,442,7288,1306,1,0,,,,3,3,,,12,9,12,0
50132 - General Cocoa Company,50132,General Cocoa Company,26233,sucdenfedcomarsgh,Ghana,11/26/2025,6131,2615,11104,7020,0,0,,,,5,5,,,2,11,2,1
50132 - General Cocoa Company,50132,General Cocoa Company,26237,sucdenfludormeijigh,Ghana,11/26/2025,2609,122,4298,1166,1856,1807,,,,3,3,,,2,0,2,0
50132 - General Cocoa Company,50132,General Cocoa Company,26243,sdghfludorbb,Ghana,11/26/2025,543,44,2384,330,907,684,,,,3,3,,,11,1,11,0
50132 - General Cocoa Company,50132,General Cocoa Company,26245,sdghfludorlt,Ghana,11/26/2025,1375,746,3100,890,283,279,,,,3,3,,,3,0,3,0
50132 - General Cocoa Company,50132,General Cocoa Company,26247,sdghfludorfr,Ghana,11/26/2025,3925,3033,13796,2371,3544,3021,,,3,3,3,,17,5,1,5,0
50132 - General Cocoa Company,50132,General Cocoa Company,26271,sucdenhsy06,Ecuador,11/26/2025,361,1,882,493,0,0,,,,,,,,,,,0
50132 - General Cocoa Company,50132,General Cocoa Company,26273,sucdenmw07,Ecuador,11/26/2025,119,,0,178,0,0,,,,,,,,,,,0
50132 - General Cocoa Company,50132,General Cocoa Company,26275,sucdenicamnga,Nigeria,11/26/2025,765,,1067,1509,0,0,,,,,,,,,,,0
50132 - General Cocoa Company,50132,General Cocoa Company,26281,sucdenhsy07,Ecuador,11/26/2025,595,,512,128,0,0,,,,,,,,,,,0
50132 - General Cocoa Company,50132,General Cocoa Company,26283,sucdenhsy05,Ecuador,11/26/2025,250,8,443,130,0,0,,,,,,,,,,,0
50132 - General Cocoa Company,50132,General Cocoa Company,26779,sucdenadikanfofujioil,Ghana,11/26/2025,760,,778,670,0,0,,,,1,1,,,,,,0
50132 - General Cocoa Company,50132,General Cocoa Company,26785,sucdenadikanfofujiya,Ghana,11/26/2025,548,80,1241,0,0,0,,,,2,2,,,5,0,5,0
50132 - General Cocoa Company,50132,General Cocoa Company,26787,sucdenfedcoitochuglico,Ghana,11/26/2025,1296,178,1886,1223,0,0,,,,2,2,,,3,1,3,0
50132 - General Cocoa Company,50132,General Cocoa Company,26893,sucdennghershey,Nigeria,11/26/2025,956,,1321,6,0,0,,,,,,,,,,,0
50132 - General Cocoa Company,50132,General Cocoa Company,27370,sucdencdhersheyng,Nigeria,11/26/2025,517,,584,1,0,0,,,,,,,,,,,0
50132 - General Cocoa Company,50132,General Cocoa Company,27473,sucdenmw06,Ecuador,11/26/2025,120,,154,22,0,0,,,,,,,,,,,0
50132 - General Cocoa Company,50132,General Cocoa Company,27483,sucdenhgsy07,Peru,11/26/2025,606,184,0,0,0,0,,,,,,,,,,,0
50132 - General Cocoa Company,50132,General Cocoa Company,27484,sucdenhgsy08,Dominican Republic,11/26/2025,228,31,402,24,0,0,,,,,,,,,,,0
50136 - Qela Technologies  (T) Limited,50136,Qela Technologies  (T) Limited,26531,runaliortz,United Republic of Tanzania,11/26/2025,135,,4,6,1,0,,,3,4,3,1,3,3,0,3,0
50138 - Think! Data Services Limited,50138,Think! Data Services Limited,26169,thvimpactcocoa,Ghana,11/26/2025,1038,,1529,15,14996,14996,,2976,4,4,4,,10,10,7,10,0
50138 - Think! Data Services Limited,50138,Think! Data Services Limited,26171,asimpactcocoa,Ghana,11/26/2025,779,,1349,31,5429,5405,4068,2348,5,5,5,,12,12,16,12,0
50138 - Think! Data Services Limited,50138,Think! Data Services Limited,26173,animpactcocoa,Ghana,11/26/2025,935,,1933,1,4536,4320,211,3083,4,5,5,,14,13,6,13,0
50143 - Casa Franceschi,50143,Casa Franceschi,26074,sanjose,Venezuela,11/26/2025,6393,,1244,774,937,1,186,1,4,4,4,,6,5,0,5,0
50143 - Casa Franceschi,50143,Casa Franceschi,26905,casafranceschiitochu,Venezuela,11/26/2025,32,,32,0,32,0,,,3,3,3,,,,,,0
50143 - Casa Franceschi,50143,Casa Franceschi,27574,casafranceschivalrhona,Venezuela,11/26/2025,813,,837,44,1461,0,,,3,2,2,,,,,,0
50144 - Cyrian International SA,50144,Cyrian International SA,26070,cyrianrefsi,Cote d'Ivoire,11/26/2025,300,,274,41,0,0,,,2,2,2,,2,2,0,2,0
50144 - Cyrian International SA,50144,Cyrian International SA,26072,cyriansocaba,Cote d'Ivoire,11/26/2025,300,,316,8,0,0,2,23,2,2,2,,2,2,0,2,0
50145 - CEMOI CI,50145,CEMOI CI,26088,coopscoopazeg,Cote d'Ivoire,11/26/2025,544,,369,176,19829,19636,1,,3,3,3,,4,0,1,0,1
50145 - CEMOI CI,50145,CEMOI CI,26090,coopsicoopad,Cote d'Ivoire,11/26/2025,565,2,566,5,9037,9005,2,,3,3,3,,4,0,1,0,0
50145 - CEMOI CI,50145,CEMOI CI,26134,coopscooprah,Cote d'Ivoire,11/26/2025,634,46,716,38,36635,36200,,,3,3,3,,4,0,1,0,1
50145 - CEMOI CI,50145,CEMOI CI,26136,coopsocopasg,Cote d'Ivoire,11/26/2025,3938,,3571,592,49804,47491,1,2,3,3,3,,4,1,2,1,0
50145 - CEMOI CI,50145,CEMOI CI,26285,cooppusah,Cote d'Ivoire,11/26/2025,164,27,174,19,2588,2551,,,3,3,3,,4,1,1,1,0
50145 - CEMOI CI,50145,CEMOI CI,26287,coopuprad,Cote d'Ivoire,11/26/2025,1902,229,2004,369,83038,81707,,,3,3,3,,4,2,2,2,0
50145 - CEMOI CI,50145,CEMOI CI,26289,coopscpcb,Cote d'Ivoire,11/26/2025,745,,639,162,5898,5736,,1225,3,3,3,,4,2,3,2,0
50145 - CEMOI CI,50145,CEMOI CI,26295,coopcpagb,Cote d'Ivoire,11/26/2025,352,122,390,98,11413,11383,,,3,3,3,,4,1,0,1,0
50145 - CEMOI CI,50145,CEMOI CI,26297,coopscapcc,Cote d'Ivoire,11/26/2025,1526,,1551,305,37347,37099,,1347,3,3,3,,4,1,0,1,0
50145 - CEMOI CI,50145,CEMOI CI,26299,coopecapn,Cote d'Ivoire,11/26/2025,592,,375,301,11892,11679,,,3,3,3,,4,1,1,1,0
50145 - CEMOI CI,50145,CEMOI CI,26301,coopecoas,Cote d'Ivoire,11/26/2025,224,134,224,109,1875,1853,,,3,3,3,,4,1,3,1,0
50145 - CEMOI CI,50145,CEMOI CI,26303,coopreluainde,Cote d'Ivoire,11/26/2025,396,,415,13,5830,5811,,,3,3,3,,4,1,0,1,0
50145 - CEMOI CI,50145,CEMOI CI,26305,coopscela,Cote d'Ivoire,11/26/2025,432,,474,10,19288,19123,,,3,3,3,,4,1,0,1,0
50145 - CEMOI CI,50145,CEMOI CI,26334,coopcoopagnipi,Cote d'Ivoire,11/26/2025,1368,4,1405,9,8998,8266,,,3,3,3,,4,1,0,1,0
50145 - CEMOI CI,50145,CEMOI CI,26336,coopsocoopagagny,Cote d'Ivoire,11/26/2025,2061,86,2113,65,13811,13505,,,3,3,3,,4,1,0,1,0
50145 - CEMOI CI,50145,CEMOI CI,26338,coopcoopad,Cote d'Ivoire,11/26/2025,1444,24,1571,49,40447,40082,,,3,3,3,,4,2,1,2,0
50145 - CEMOI CI,50145,CEMOI CI,26340,coopcpsl,Cote d'Ivoire,11/26/2025,4652,,4564,303,36523,36481,,,3,3,3,,4,1,2,1,0
50145 - CEMOI CI,50145,CEMOI CI,26342,coopscab,Cote d'Ivoire,11/26/2025,552,,816,309,7209,7001,,,3,3,3,,4,1,0,1,0
50145 - CEMOI CI,50145,CEMOI CI,26344,coopecamog,Cote d'Ivoire,11/26/2025,1864,,1553,389,14202,13704,,,3,3,3,,4,1,0,1,0
50145 - CEMOI CI,50145,CEMOI CI,26446,coopcoopame,Cote d'Ivoire,11/26/2025,703,,827,71,7266,7229,,,3,4,4,,4,1,1,1,3
50145 - CEMOI CI,50145,CEMOI CI,26448,coopps,Cote d'Ivoire,11/26/2025,365,,512,4,2222,2201,,,3,3,3,,4,1,0,1,2
50145 - CEMOI CI,50145,CEMOI CI,26450,coopusocas,Cote d'Ivoire,11/26/2025,450,,515,3,3601,3581,,,2,3,3,,,1,1,1,2
50145 - CEMOI CI,50145,CEMOI CI,26452,coopcapai,Cote d'Ivoire,11/26/2025,114,,93,25,2360,2319,,,3,3,3,,4,1,0,1,2
50145 - CEMOI CI,50145,CEMOI CI,26454,coopcaadi,Cote d'Ivoire,11/26/2025,363,,451,687,4752,4600,,,3,3,3,,4,1,0,1,2
50145 - CEMOI CI,50145,CEMOI CI,26456,coopcoopago,Cote d'Ivoire,11/26/2025,1358,1628,1495,1824,43103,42384,,,3,3,3,,4,1,0,1,2
50145 - CEMOI CI,50145,CEMOI CI,26458,coopscoopakam,Cote d'Ivoire,11/26/2025,1982,,1806,288,30446,30134,,,3,3,3,,4,1,0,1,2
50145 - CEMOI CI,50145,CEMOI CI,26460,coopscoodjibodi,Cote d'Ivoire,11/26/2025,277,,297,17,10696,10571,,,2,3,3,,,1,0,1,2
50145 - CEMOI CI,50145,CEMOI CI,26625,c037coopajamilaly,Cote d'Ivoire,11/26/2025,680,,724,0,0,0,,,3,2,2,,4,,,,0
50145 - CEMOI CI,50145,CEMOI CI,26627,c039coopscoopaudd,Cote d'Ivoire,11/26/2025,611,,618,0,3137,3051,,,3,2,2,,4,,,,0
50145 - CEMOI CI,50145,CEMOI CI,26629,c100coopcoopado,Cote d'Ivoire,11/26/2025,813,,866,0,292,292,,,3,2,2,,4,,,,0
50145 - CEMOI CI,50145,CEMOI CI,26631,c070coopcoopatesa,Cote d'Ivoire,11/26/2025,1083,,1130,1,5903,5618,,,3,2,2,,4,,,,0
50145 - CEMOI CI,50145,CEMOI CI,26633,c033coopecoodi,Cote d'Ivoire,11/26/2025,572,,628,0,954,954,,,3,2,2,,4,,,,0
50145 - CEMOI CI,50145,CEMOI CI,26635,c045coopsapo,Cote d'Ivoire,11/26/2025,1267,,1204,115,1947,1664,,,3,2,2,,4,,,,0
50145 - CEMOI CI,50145,CEMOI CI,26637,c079coopscab2,Cote d'Ivoire,11/26/2025,529,,528,4,0,0,,,3,2,2,,4,,,,0
50145 - CEMOI CI,50145,CEMOI CI,26639,c075coopscandi,Cote d'Ivoire,11/26/2025,3356,,3372,0,5055,4864,,,3,2,2,,4,,,,0
50145 - CEMOI CI,50145,CEMOI CI,26641,c046coopsccg,Cote d'Ivoire,11/26/2025,1366,,1377,9,3818,3818,,,3,3,3,,4,,,,0
50145 - CEMOI CI,50145,CEMOI CI,26643,c048coopscoopazap,Cote d'Ivoire,11/26/2025,508,,513,0,0,0,,,3,2,2,,4,,,,0
50145 - CEMOI CI,50145,CEMOI CI,26645,c050coopscoopepa,Cote d'Ivoire,11/26/2025,456,,514,0,2139,2139,,,3,2,2,,4,,,,0
50145 - CEMOI CI,50145,CEMOI CI,26647,c051coopaprocao,Cote d'Ivoire,11/26/2025,457,,473,0,2014,2014,,,3,2,2,,4,,,,0
50145 - CEMOI CI,50145,CEMOI CI,26649,c052coopcoodig,Cote d'Ivoire,11/26/2025,808,,913,0,14936,14930,,,3,2,2,,4,,,,0
50145 - CEMOI CI,50145,CEMOI CI,26651,c056coopdfa,Cote d'Ivoire,11/26/2025,528,,560,0,0,0,,,3,2,2,,4,,,,0
50145 - CEMOI CI,50145,CEMOI CI,26653,c101coopsodasi,Cote d'Ivoire,11/26/2025,495,,512,0,217,217,,,3,3,3,,4,,,,0
50145 - CEMOI CI,50145,CEMOI CI,26655,c059coopsocaba,Cote d'Ivoire,11/26/2025,793,,836,0,10374,10152,,,3,2,2,,4,,,,0
50145 - CEMOI CI,50145,CEMOI CI,26657,c081coopsocabid,Cote d'Ivoire,11/26/2025,762,,744,22,4295,3420,,,3,2,2,,4,,,,0
50145 - CEMOI CI,50145,CEMOI CI,26659,c093coopsocabl,Cote d'Ivoire,11/26/2025,649,,657,0,35,35,,,3,2,2,,4,,,,0
50145 - CEMOI CI,50145,CEMOI CI,26661,c060coopsocachipolo,Cote d'Ivoire,11/26/2025,617,,629,1,2138,2138,,,3,2,2,,4,,,,0
50145 - CEMOI CI,50145,CEMOI CI,26663,c061coopsocahi,Cote d'Ivoire,11/26/2025,1397,,1444,59,10656,10648,,,3,2,2,,4,,,,0
50145 - CEMOI CI,50145,CEMOI CI,26665,c099coopsocaze,Cote d'Ivoire,11/26/2025,373,,373,0,378,378,,,3,2,2,,4,,,,0
50145 - CEMOI CI,50145,CEMOI CI,26667,c087coopsocicas,Cote d'Ivoire,11/26/2025,309,,355,0,64,64,,,3,2,2,,4,,,,0
50145 - CEMOI CI,50145,CEMOI CI,26669,c041coopcoopakoko,Cote d'Ivoire,11/26/2025,1461,,1468,0,288,288,,,3,2,2,,4,,,,0
50145 - CEMOI CI,50145,CEMOI CI,26671,c072coopsocoopela,Cote d'Ivoire,11/26/2025,1182,,1169,36,6413,6413,,,3,2,2,,4,,,,0
50145 - CEMOI CI,50145,CEMOI CI,26673,c090coopsocopga,Cote d'Ivoire,11/26/2025,764,,873,0,5084,4838,,,2,3,3,,,,,,0
50145 - CEMOI CI,50145,CEMOI CI,26739,c027coopecaaf,Cote d'Ivoire,11/26/2025,738,,905,45,3807,3313,,,3,2,2,,4,,,,0
50145 - CEMOI CI,50145,CEMOI CI,26741,c026coopcoopcapro,Cote d'Ivoire,11/26/2025,2408,,2565,0,847,847,,,3,2,2,,4,,,,0
50145 - CEMOI CI,50145,CEMOI CI,26743,c096coopespoir,Cote d'Ivoire,11/26/2025,712,,810,0,4596,4505,,,3,3,3,,4,,,,0
50145 - CEMOI CI,50145,CEMOI CI,26745,c071coopsocosada,Cote d'Ivoire,11/26/2025,843,,821,91,1457,1457,,,3,2,2,,4,,,,0
50145 - CEMOI CI,50145,CEMOI CI,26747,c086coopcoojepawo,Cote d'Ivoire,11/26/2025,541,,519,28,2895,2895,,,3,2,2,,4,,,,0
50145 - CEMOI CI,50145,CEMOI CI,26749,c066coopfoundara,Cote d'Ivoire,11/26/2025,1295,,1463,3,3815,3748,,,3,2,2,,4,,,,0
50145 - CEMOI CI,50145,CEMOI CI,26751,c092coopkygnon,Cote d'Ivoire,11/26/2025,924,,1082,23,372,372,,,3,2,2,,4,,,,0
50145 - CEMOI CI,50145,CEMOI CI,26753,c044coopsamuel,Cote d'Ivoire,11/26/2025,643,,694,46,0,0,,,3,2,2,,4,,,,0
50145 - CEMOI CI,50145,CEMOI CI,26755,c098coopscape,Cote d'Ivoire,11/26/2025,1111,,821,371,93,93,,,3,3,3,,4,,,,0
50145 - CEMOI CI,50145,CEMOI CI,26757,c029coopscoopagea,Cote d'Ivoire,11/26/2025,506,,761,16,1656,1656,,,3,2,2,,4,,,,0
50145 - CEMOI CI,50145,CEMOI CI,26759,c030coopscoopsbad,Cote d'Ivoire,11/26/2025,669,,657,128,980,980,,,3,2,2,,4,,,,0
50145 - CEMOI CI,50145,CEMOI CI,26761,c053coopdakua,Cote d'Ivoire,11/26/2025,919,,920,32,206,206,,,3,2,2,,4,,,,0
50145 - CEMOI CI,50145,CEMOI CI,26763,c054coopecab,Cote d'Ivoire,11/26/2025,4673,,5186,70,23191,23048,,,3,2,2,,4,,,,0
50145 - CEMOI CI,50145,CEMOI CI,26765,c055coopscoopsiz,Cote d'Ivoire,11/26/2025,1539,,1494,88,3468,3434,,,3,2,2,,4,,,,0
50145 - CEMOI CI,50145,CEMOI CI,26767,c094cooplafibebe,Cote d'Ivoire,11/26/2025,1184,,1206,0,10639,10507,,,3,2,2,,4,,,,0
50145 - CEMOI CI,50145,CEMOI CI,26769,c085coopscoopspaz,Cote d'Ivoire,11/26/2025,1271,,1277,0,1220,1220,,,3,2,2,,4,,,,0
50145 - CEMOI CI,50145,CEMOI CI,26771,c078coopscoopsam,Cote d'Ivoire,11/26/2025,301,,301,0,240,240,,,3,2,2,,4,,,,0
50145 - CEMOI CI,50145,CEMOI CI,26773,c057coopscoopspak,Cote d'Ivoire,11/26/2025,1278,,1327,9,4968,4968,,,3,2,2,,4,,,,0
50145 - CEMOI CI,50145,CEMOI CI,26775,c083coopsoconpayat,Cote d'Ivoire,11/26/2025,934,,670,317,4460,4460,,,3,2,2,,4,,,,0
50145 - CEMOI CI,50145,CEMOI CI,26803,c088coopcaia,Cote d'Ivoire,11/26/2025,29,,59,0,0,0,,,3,2,2,,4,,,,0
50145 - CEMOI CI,50145,CEMOI CI,26805,c020coopcaab,Cote d'Ivoire,11/26/2025,620,,704,0,1490,1407,,,3,2,2,,4,,,,0
50145 - CEMOI CI,50145,CEMOI CI,26807,c040coopcoopaaako,Cote d'Ivoire,11/26/2025,414,,616,0,0,0,,,3,2,2,,4,,,,0
50145 - CEMOI CI,50145,CEMOI CI,26809,c035coopecakoog,Cote d'Ivoire,11/26/2025,1485,,1199,346,3562,3562,,,3,2,2,,4,,,,0
50145 - CEMOI CI,50145,CEMOI CI,26811,c095coopecyg,Cote d'Ivoire,11/26/2025,1423,,1461,0,0,0,,,3,2,2,,4,,,,0
50145 - CEMOI CI,50145,CEMOI CI,26813,c043coopfraternite,Cote d'Ivoire,11/26/2025,,,0,0,0,0,,,3,2,2,,4,,,,0
50145 - CEMOI CI,50145,CEMOI CI,26815,c073coopsceg1,Cote d'Ivoire,11/26/2025,899,,1030,1,0,0,,,3,2,2,,4,,,,0
50145 - CEMOI CI,50145,CEMOI CI,26817,c058coopmoye,Cote d'Ivoire,11/26/2025,847,,906,1,0,0,,,3,2,2,,4,,,,0
50145 - CEMOI CI,50145,CEMOI CI,26819,c084cooppac,Cote d'Ivoire,11/26/2025,352,,384,0,234,141,,,3,2,2,,4,,,,0
50145 - CEMOI CI,50145,CEMOI CI,26821,c077coopsoutra,Cote d'Ivoire,11/26/2025,675,,685,0,0,0,,,3,2,2,,4,,,,0
50145 - CEMOI CI,50145,CEMOI CI,26823,c021coopwonta,Cote d'Ivoire,11/26/2025,373,,385,0,0,0,,,3,2,2,,4,,,,0
50145 - CEMOI CI,50145,CEMOI CI,26825,c082coopsocag,Cote d'Ivoire,11/26/2025,1255,,1282,9,3588,3576,,,3,2,2,,4,,,,0
50145 - CEMOI CI,50145,CEMOI CI,26827,c063coopsocoopaa,Cote d'Ivoire,11/26/2025,400,,402,0,0,0,,,3,2,2,,4,,,,0
50145 - CEMOI CI,50145,CEMOI CI,26829,c064coopsocoopaf,Cote d'Ivoire,11/26/2025,546,,577,0,432,432,,,3,2,2,,4,,,,0
50145 - CEMOI CI,50145,CEMOI CI,26831,c102coopscoapani,Cote d'Ivoire,11/26/2025,1120,,1144,97,5347,5347,,,3,2,2,,4,,,,0
50145 - CEMOI CI,50145,CEMOI CI,26833,c103cooplagloire,Cote d'Ivoire,11/26/2025,1349,,1473,0,2011,2003,,,3,2,2,,4,,,,0
50145 - CEMOI CI,50145,CEMOI CI,26835,c104coopcoopado,Cote d'Ivoire,11/26/2025,425,,428,0,910,910,,,3,2,2,,4,,,,0
50145 - CEMOI CI,50145,CEMOI CI,26837,c105coopscinpa,Cote d'Ivoire,11/26/2025,3702,,2489,1330,0,0,,,3,2,2,,4,,,,0
50145 - CEMOI CI,50145,CEMOI CI,26839,c106coopsocosa,Cote d'Ivoire,11/26/2025,,,0,0,0,0,,,3,2,2,,4,,,,0
50145 - CEMOI CI,50145,CEMOI CI,27051,c108scoopasab,Cote d'Ivoire,11/26/2025,1028,,1094,14,1942,1909,,,3,2,2,,4,,,,0
50145 - CEMOI CI,50145,CEMOI CI,27059,c109coopcawsa,Cote d'Ivoire,11/26/2025,599,,797,0,977,977,,,3,2,2,,4,,,,0
50145 - CEMOI CI,50145,CEMOI CI,27095,c022cagb,Cote d'Ivoire,11/26/2025,,,0,0,0,0,,,2,2,2,,,,,,0
50145 - CEMOI CI,50145,CEMOI CI,27097,c068socoopacdi,Cote d'Ivoire,11/26/2025,2129,,2310,0,1239,1239,,,3,2,2,,4,,,,0
50145 - CEMOI CI,50145,CEMOI CI,27250,c110scagb,Cote d'Ivoire,11/26/2025,895,,899,0,6649,6481,,,3,2,2,,4,,,,0
50145 - CEMOI CI,50145,CEMOI CI,27252,c111ncb,Cote d'Ivoire,11/26/2025,1999,,1997,2,1469,1469,,,3,2,2,,4,,,,0
50145 - CEMOI CI,50145,CEMOI CI,27254,c112scaw,Cote d'Ivoire,11/26/2025,949,,949,0,1057,1057,,,3,2,2,,4,,,,0
50145 - CEMOI CI,50145,CEMOI CI,27256,c114socak,Cote d'Ivoire,11/26/2025,5576,,5597,0,3692,3692,,,2,2,2,,,,,,0
50145 - CEMOI CI,50145,CEMOI CI,27258,c115cant,Cote d'Ivoire,11/26/2025,1129,,1128,1,7582,7443,,,3,2,2,,4,,,,0
50145 - CEMOI CI,50145,CEMOI CI,27324,c116ecag,Cote d'Ivoire,11/26/2025,212,,225,0,315,315,,,3,2,2,,4,,,,0
50145 - CEMOI CI,50145,CEMOI CI,27326,c118sal,Cote d'Ivoire,11/26/2025,677,,687,0,657,657,,,3,2,2,,4,,,,0
50145 - CEMOI CI,50145,CEMOI CI,27328,c119scapd,Cote d'Ivoire,11/26/2025,450,,461,6,0,0,,,3,2,2,,4,,,,0
50145 - CEMOI CI,50145,CEMOI CI,27353,c120scajp,Cote d'Ivoire,11/26/2025,692,,795,0,0,0,,,3,2,2,,4,,,,0
50145 - CEMOI CI,50145,CEMOI CI,27355,c121careca,Cote d'Ivoire,11/26/2025,1178,,1016,164,3426,3426,,,3,2,2,,4,,,,0
50145 - CEMOI CI,50145,CEMOI CI,27361,c122coopcal2b,Cote d'Ivoire,11/26/2025,864,,925,2,2530,2530,,,3,2,2,,4,,,,0
50145 - CEMOI CI,50145,CEMOI CI,27363,c123coophamaoula,Cote d'Ivoire,11/26/2025,663,,770,0,0,0,,,3,2,2,,4,,,,0
50145 - CEMOI CI,50145,CEMOI CI,27365,c124coopscoopa,Cote d'Ivoire,11/26/2025,512,,512,0,2537,2533,,,3,2,2,,4,,,,0
50145 - CEMOI CI,50145,CEMOI CI,27367,c125coopnwm,Cote d'Ivoire,11/26/2025,961,,937,24,3017,2905,,,3,2,2,,4,,,,0
50145 - CEMOI CI,50145,CEMOI CI,27374,c127coopwendsongodo,Cote d'Ivoire,11/26/2025,519,,519,0,3896,3896,,,3,2,2,,4,,,,0
50145 - CEMOI CI,50145,CEMOI CI,27376,c126coopsonab,Cote d'Ivoire,11/26/2025,1750,,1904,0,2582,2575,,,3,2,2,,4,,,,0
50145 - CEMOI CI,50145,CEMOI CI,27382,c129coopscoopat,Cote d'Ivoire,11/26/2025,976,,976,0,149,149,,,3,2,2,,4,,,,0
50145 - CEMOI CI,50145,CEMOI CI,27394,c128coopjpab,Cote d'Ivoire,11/26/2025,1278,,1278,0,306,306,,,3,1,1,,4,,,,0
50145 - CEMOI CI,50145,CEMOI CI,27437,c130teegawend,Cote d'Ivoire,11/26/2025,1011,,1036,0,1601,1601,,,3,2,2,,4,,,,0
50145 - CEMOI CI,50145,CEMOI CI,27439,c107ocean,Cote d'Ivoire,11/26/2025,4060,,2321,0,1063,1063,,,3,2,2,,4,,,,0
50145 - CEMOI CI,50145,CEMOI CI,27495,c131coopuinter,Cote d'Ivoire,11/26/2025,1981,,977,0,1583,1583,,,3,2,2,,4,,,,0
50145 - CEMOI CI,50145,CEMOI CI,27520,c132coopscoopad,Cote d'Ivoire,11/26/2025,605,,605,0,231,231,,,3,2,2,,4,,,,0
50145 - CEMOI CI,50145,CEMOI CI,27526,c134coopinchallah,Cote d'Ivoire,11/26/2025,980,,980,0,3789,3789,,,,2,2,,,,,,0
50145 - CEMOI CI,50145,CEMOI CI,27528,c135coopsocapg,Cote d'Ivoire,11/26/2025,952,,952,0,1416,1416,,,3,2,2,,4,,,,0
50145 - CEMOI CI,50145,CEMOI CI,27530,c136coopuspk,Cote d'Ivoire,11/26/2025,1673,,1673,0,3528,3528,,,,2,2,,,,,,0
50145 - CEMOI CI,50145,CEMOI CI,27554,c138coopp2cg,Cote d'Ivoire,11/26/2025,1312,,1306,6,397,397,,,2,2,2,,,,,,0
50145 - CEMOI CI,50145,CEMOI CI,27555,c133coopteriya,Cote d'Ivoire,11/26/2025,1628,,1628,0,407,407,,,2,2,2,,,,,,0
50146 - ECAKOOG COOP-CA Entreprise Cooperative Agricole Ko,50146,ECAKOOG COOP-CA Entreprise Cooperative Agricole Ko,24753,ecakoogims,Cote d'Ivoire,11/26/2025,11402,2891,11370,1980,148622,148469,5730,20086,4,4,4,,37,37,68,35,2
50153 - Yara Tanzania Limited,50153,Yara Tanzania Limited,26193,ytzmoro,United Republic of Tanzania,11/26/2025,34159,,35,8360,3,0,95,9,3,3,3,,5,6,3,6,0
50153 - Yara Tanzania Limited,50153,Yara Tanzania Limited,26195,ytziring,United Republic of Tanzania,11/26/2025,8184,,7,2010,1,0,51,,3,3,3,,2,2,1,2,0
50153 - Yara Tanzania Limited,50153,Yara Tanzania Limited,26197,ytzmbeya,United Republic of Tanzania,11/26/2025,22565,,1,4123,0,0,,7,3,3,3,,2,3,0,3,0
50153 - Yara Tanzania Limited,50153,Yara Tanzania Limited,26199,ytzsongwe,United Republic of Tanzania,11/26/2025,2213,,0,2212,0,0,,,3,3,3,,1,1,0,1,0
50153 - Yara Tanzania Limited,50153,Yara Tanzania Limited,26201,ytzruvuma,United Republic of Tanzania,11/26/2025,14589,,0,3175,0,0,,,3,3,3,,1,2,0,2,0
50153 - Yara Tanzania Limited,50153,Yara Tanzania Limited,26203,ytzrukwa,United Republic of Tanzania,11/26/2025,1765,,0,1765,0,0,,,3,3,3,,1,,,,0
50153 - Yara Tanzania Limited,50153,Yara Tanzania Limited,26205,ytzkatavi,United Republic of Tanzania,11/26/2025,7790,,0,1577,0,0,,1,3,3,3,,1,1,0,1,1
50153 - Yara Tanzania Limited,50153,Yara Tanzania Limited,26211,ytztanga,United Republic of Tanzania,11/26/2025,8562,,8,1056,0,0,,1120,3,3,3,,3,3,0,3,0
50153 - Yara Tanzania Limited,50153,Yara Tanzania Limited,26215,ytztabora,United Republic of Tanzania,11/26/2025,7644,,0,2496,0,0,,1290,3,3,3,,2,2,1,2,0
50154 - LFL Madagascar,50154,LFL Madagascar,26252,eclosia,Madagascar,11/26/2025,2446,15,1611,826,1605,1117,406,452,1,1,1,,17,17,1,17,1
50155 - Fludor Ghana Limited,50155,Fludor Ghana Limited,26426,fludorakroponga,Ghana,11/26/2025,1057,,457,0,0,0,,,1,2,2,,1,,,,1
50155 - Fludor Ghana Limited,50155,Fludor Ghana Limited,27289,fludoragona,Ghana,11/26/2025,,,0,0,0,0,,,1,2,2,,1,,,,0
50155 - Fludor Ghana Limited,50155,Fludor Ghana Limited,27460,fludorcargillghana,Ghana,11/26/2025,5611,,7220,1775,1891,1602,,,4,2,2,,7,8,4,8,0
50155 - Fludor Ghana Limited,50155,Fludor Ghana Limited,27462,fludorsucden,Ghana,11/26/2025,9812,,17004,2360,0,0,,,5,1,1,,5,1,0,1,0
50155 - Fludor Ghana Limited,50155,Fludor Ghana Limited,27510,fludorcargilljapan,Japan,11/26/2025,633,,1078,0,0,0,,,4,1,1,,4,1,1,1,0
50156 - Sucres et Denrees SA,50156,Sucres et Denrees SA,26259,sucdenscoopablci,Cote d'Ivoire,11/26/2025,712,,731,19,0,0,,,,,,,,,,,0
50156 - Sucres et Denrees SA,50156,Sucres et Denrees SA,26261,sucdencafugoci,Cote d'Ivoire,11/26/2025,671,1,741,2,0,0,,,,,,,,,,,0
50156 - Sucres et Denrees SA,50156,Sucres et Denrees SA,26263,sucdenmugnuci,Cote d'Ivoire,11/26/2025,618,,645,0,0,0,,,,,,,,,,,0
50156 - Sucres et Denrees SA,50156,Sucres et Denrees SA,26265,sucdenprocadaci,Cote d'Ivoire,11/26/2025,496,,530,5,0,0,,,,,,,,,,,0
50156 - Sucres et Denrees SA,50156,Sucres et Denrees SA,26267,sucdenwendeci,Cote d'Ivoire,11/26/2025,787,45,675,0,0,0,,,,,,,,,,,0
50156 - Sucres et Denrees SA,50156,Sucres et Denrees SA,26317,sucdenupgfci,Cote d'Ivoire,11/26/2025,662,129,0,1,0,0,,,,,,,,,,,0
50156 - Sucres et Denrees SA,50156,Sucres et Denrees SA,26319,sucdenecosolci,Cote d'Ivoire,11/26/2025,735,344,0,1,0,0,,,,,,,,,,,0
50156 - Sucres et Denrees SA,50156,Sucres et Denrees SA,26321,sucdennerwataci,Cote d'Ivoire,11/26/2025,469,187,0,0,0,0,,,,,,,,,,,0
50156 - Sucres et Denrees SA,50156,Sucres et Denrees SA,26323,sucdenfacoblyci,Cote d'Ivoire,11/26/2025,608,242,0,0,0,0,,,,,,,,,,,0
50156 - Sucres et Denrees SA,50156,Sucres et Denrees SA,26325,sucdenscjpamci,Cote d'Ivoire,11/26/2025,631,135,0,0,0,0,,,,,,,,,,,0
50156 - Sucres et Denrees SA,50156,Sucres et Denrees SA,26327,sucdenecmpbci,Cote d'Ivoire,11/26/2025,367,505,0,0,0,0,,,,,,,,,,,0
50156 - Sucres et Denrees SA,50156,Sucres et Denrees SA,26329,sucdenmoribaneci,Cote d'Ivoire,11/26/2025,440,538,0,0,0,0,,,,,,,,,,,0
50156 - Sucres et Denrees SA,50156,Sucres et Denrees SA,26331,sucdensociamci,Cote d'Ivoire,11/26/2025,751,456,0,0,0,0,,,,,,,,,,,0
50156 - Sucres et Denrees SA,50156,Sucres et Denrees SA,26372,sucdenahontoci,Cote d'Ivoire,11/26/2025,658,10,0,0,0,0,,,,,,,,,,,0
50156 - Sucres et Denrees SA,50156,Sucres et Denrees SA,26374,sucdenbaraci,Cote d'Ivoire,11/26/2025,1007,315,0,0,0,0,,,,,,,,,,,0
50156 - Sucres et Denrees SA,50156,Sucres et Denrees SA,26376,sucdenallahkaboci,Cote d'Ivoire,11/26/2025,1311,160,0,0,0,0,,,,,,,,,,,0
50156 - Sucres et Denrees SA,50156,Sucres et Denrees SA,26378,sucdencpalci,Cote d'Ivoire,11/26/2025,825,1,0,0,0,0,,,,,,,,,,,0
50156 - Sucres et Denrees SA,50156,Sucres et Denrees SA,26380,sucdenscoopsyatci,Cote d'Ivoire,11/26/2025,1122,189,0,0,0,0,,,,,,,,,,,0
50156 - Sucres et Denrees SA,50156,Sucres et Denrees SA,26382,sucdensoceadahsci,Cote d'Ivoire,11/26/2025,937,1182,0,1,0,0,,,,,,,,,,,0
50156 - Sucres et Denrees SA,50156,Sucres et Denrees SA,26384,sucdencaadaci,Cote d'Ivoire,11/26/2025,873,48,0,0,0,0,,,,,,,,,,,0
50156 - Sucres et Denrees SA,50156,Sucres et Denrees SA,26386,sucdensocoexpahsci,Cote d'Ivoire,11/26/2025,883,23,0,0,0,0,,,,,,,,,,,0
50156 - Sucres et Denrees SA,50156,Sucres et Denrees SA,26388,sucdensocapbloci,Cote d'Ivoire,11/26/2025,902,10,0,0,0,0,,,,,,,,,,,0
50156 - Sucres et Denrees SA,50156,Sucres et Denrees SA,26408,sucdenscapdci,Cote d'Ivoire,11/26/2025,689,171,0,0,0,0,,,,,,,,,,,0
50156 - Sucres et Denrees SA,50156,Sucres et Denrees SA,26410,sucdensocoofemci,Cote d'Ivoire,11/26/2025,1359,37,1412,0,0,0,,,,,,,,,,,0
50156 - Sucres et Denrees SA,50156,Sucres et Denrees SA,26412,sucdensocopasg1ci,Cote d'Ivoire,11/26/2025,1251,366,0,0,0,0,,,,,,,,,,,0
50156 - Sucres et Denrees SA,50156,Sucres et Denrees SA,26462,sucdensougrici,Cote d'Ivoire,11/26/2025,1460,4,0,0,0,0,,,,,,,,,,,0
50156 - Sucres et Denrees SA,50156,Sucres et Denrees SA,26464,sucdencoopacnipici,Cote d'Ivoire,11/26/2025,1053,340,0,0,0,0,,,,,,,,,,,0
50156 - Sucres et Denrees SA,50156,Sucres et Denrees SA,26466,sucdenscoelci,Cote d'Ivoire,11/26/2025,862,631,0,0,0,0,,,,,,,,,,,0
50156 - Sucres et Denrees SA,50156,Sucres et Denrees SA,26468,sucdendjiguiyaci,Cote d'Ivoire,11/26/2025,893,2,0,0,0,0,,,,,,,,,,,0
50156 - Sucres et Denrees SA,50156,Sucres et Denrees SA,26470,sucdencabbci,Cote d'Ivoire,11/26/2025,472,105,0,0,0,0,,,,,,,,,,,0
50156 - Sucres et Denrees SA,50156,Sucres et Denrees SA,26472,sucdencaprodci,Cote d'Ivoire,11/26/2025,842,32,0,0,0,0,,,,,,,,,,,0
50156 - Sucres et Denrees SA,50156,Sucres et Denrees SA,26474,sucdenscoodigci,Cote d'Ivoire,11/26/2025,608,269,0,0,0,0,,,,,,,,,,,0
50156 - Sucres et Denrees SA,50156,Sucres et Denrees SA,26476,sucdenscoopaabci,Cote d'Ivoire,11/26/2025,488,4,0,0,0,0,,,,,,,,,,,0
50156 - Sucres et Denrees SA,50156,Sucres et Denrees SA,26558,sucdenecakoogci,Cote d'Ivoire,11/26/2025,530,2711,0,0,0,0,,,,,,,,,,,0
50156 - Sucres et Denrees SA,50156,Sucres et Denrees SA,26560,sucdenakkci,Cote d'Ivoire,11/26/2025,618,115,0,0,0,0,,,,,,,,,,,0
50156 - Sucres et Denrees SA,50156,Sucres et Denrees SA,26562,sucdenbinkadici,Cote d'Ivoire,11/26/2025,511,32,0,0,0,0,,,,,,,,,,,0
50156 - Sucres et Denrees SA,50156,Sucres et Denrees SA,26564,sucdencadudci,Cote d'Ivoire,11/26/2025,836,135,0,0,0,0,,,,,,,,,,,0
50156 - Sucres et Denrees SA,50156,Sucres et Denrees SA,26566,sucdencaepogci,Cote d'Ivoire,11/26/2025,645,9,0,0,0,0,,,,,,,,,,,0
50156 - Sucres et Denrees SA,50156,Sucres et Denrees SA,26568,sucdencafumci,Cote d'Ivoire,11/26/2025,745,201,0,815,0,0,,,2,1,1,,,,,,0
50156 - Sucres et Denrees SA,50156,Sucres et Denrees SA,26570,sucdendamanci,Cote d'Ivoire,11/26/2025,793,1080,0,1131,4,1,,,3,3,3,,3,3,1,3,0
50156 - Sucres et Denrees SA,50156,Sucres et Denrees SA,26572,sucdennavaci,Cote d'Ivoire,11/26/2025,621,539,0,0,0,0,,,,,,,,,,,0
50156 - Sucres et Denrees SA,50156,Sucres et Denrees SA,26574,sucdenscaebci,Cote d'Ivoire,11/26/2025,980,58,0,0,0,0,,,,,,,,,,,0
50156 - Sucres et Denrees SA,50156,Sucres et Denrees SA,26576,sucdenscaegci,Cote d'Ivoire,11/26/2025,427,69,0,0,0,0,,,,,,,,,,,0
50156 - Sucres et Denrees SA,50156,Sucres et Denrees SA,26578,sucdensocaabci,Cote d'Ivoire,11/26/2025,601,22,0,0,0,0,,,,,,,,,,,0
50156 - Sucres et Denrees SA,50156,Sucres et Denrees SA,26580,sucdenddkroci,Cote d'Ivoire,11/26/2025,999,32,0,0,0,0,,,,,,,,,,,0
50156 - Sucres et Denrees SA,50156,Sucres et Denrees SA,26582,sucdencoopayafci,Cote d'Ivoire,11/26/2025,357,68,0,0,0,0,,,,,,,,,,,0
50156 - Sucres et Denrees SA,50156,Sucres et Denrees SA,26584,sucdenscapccaci,Cote d'Ivoire,11/26/2025,1189,145,0,0,0,0,,,,,,,,,,,0
50156 - Sucres et Denrees SA,50156,Sucres et Denrees SA,26586,sucdenwagajacaci,Cote d'Ivoire,11/26/2025,911,723,0,0,0,0,,,,,,,,,,,0
50156 - Sucres et Denrees SA,50156,Sucres et Denrees SA,26588,sucdencedci,Cote d'Ivoire,11/26/2025,701,390,0,0,0,0,,,,,,,,,,,0
50156 - Sucres et Denrees SA,50156,Sucres et Denrees SA,26590,sucdenpuccci,Cote d'Ivoire,11/26/2025,1244,,0,0,0,0,,,,,,,,,,,0
50156 - Sucres et Denrees SA,50156,Sucres et Denrees SA,26592,sucdensocaetci,Cote d'Ivoire,11/26/2025,575,80,0,0,0,0,,,,,,,,,,,0
50156 - Sucres et Denrees SA,50156,Sucres et Denrees SA,26594,sucdensocahici,Cote d'Ivoire,11/26/2025,1045,319,1,423,0,0,,,,,,,,,,,0
50156 - Sucres et Denrees SA,50156,Sucres et Denrees SA,26596,sucdennocalci,Cote d'Ivoire,11/26/2025,415,140,0,0,0,0,,,,,,,,,,,0
50156 - Sucres et Denrees SA,50156,Sucres et Denrees SA,26715,sucdenteegawendeci,Cote d'Ivoire,11/26/2025,701,79,0,0,0,0,,,,,,,,,,,0
50156 - Sucres et Denrees SA,50156,Sucres et Denrees SA,26717,sucdenagribioci,Cote d'Ivoire,11/26/2025,330,343,0,0,0,0,,,,,,,,,,,0
50156 - Sucres et Denrees SA,50156,Sucres et Denrees SA,26719,sucdenscoopsabci,Cote d'Ivoire,11/26/2025,687,101,0,0,0,0,,,,,,,,,,,0
50156 - Sucres et Denrees SA,50156,Sucres et Denrees SA,26721,sucdenscoocici,Cote d'Ivoire,11/26/2025,448,49,0,0,0,0,,,,,,,,,,,0
50156 - Sucres et Denrees SA,50156,Sucres et Denrees SA,26723,sucdenscoopagci,Cote d'Ivoire,11/26/2025,339,184,0,0,0,0,,,,,,,,,,,0
50156 - Sucres et Denrees SA,50156,Sucres et Denrees SA,26725,sucdensocoopagci,Cote d'Ivoire,11/26/2025,1072,,0,0,0,0,,,,,,,,,,,0
50156 - Sucres et Denrees SA,50156,Sucres et Denrees SA,26727,sucdenscatci,Cote d'Ivoire,11/26/2025,413,3,1,0,0,0,,,,,,,,,,,0
50156 - Sucres et Denrees SA,50156,Sucres et Denrees SA,26729,sucdenscoopniaci,Cote d'Ivoire,11/26/2025,660,397,0,0,0,0,,,,,,,,,,,0
50156 - Sucres et Denrees SA,50156,Sucres et Denrees SA,26731,sucdenscalaci,Cote d'Ivoire,11/26/2025,880,,0,0,0,0,,,,,,,,,,,0
50156 - Sucres et Denrees SA,50156,Sucres et Denrees SA,26733,sucdencoopacv1ci,Cote d'Ivoire,11/26/2025,979,1043,0,1,0,0,,,,,,,,,,,0
50156 - Sucres et Denrees SA,50156,Sucres et Denrees SA,26735,sucdensicci,Cote d'Ivoire,11/26/2025,1017,173,0,0,0,0,,,,,,,,,,,0
50156 - Sucres et Denrees SA,50156,Sucres et Denrees SA,26737,sucdencapezci,Cote d'Ivoire,11/26/2025,643,25,0,0,0,0,,,,,,,,,,,0
50156 - Sucres et Denrees SA,50156,Sucres et Denrees SA,26919,sucdencoopskci,Cote d'Ivoire,11/26/2025,288,631,0,0,0,0,,,,,,,,,,,0
50156 - Sucres et Denrees SA,50156,Sucres et Denrees SA,26921,sucdenupgci,Cote d'Ivoire,11/26/2025,413,602,0,0,0,0,,,,,,,,,,,0
50156 - Sucres et Denrees SA,50156,Sucres et Denrees SA,26923,sucdenscoopnagci,Cote d'Ivoire,11/26/2025,324,338,0,0,0,0,,,,,,,,,,,0
50156 - Sucres et Denrees SA,50156,Sucres et Denrees SA,26925,sucdensonabci,Cote d'Ivoire,11/26/2025,722,388,0,0,0,0,,,,,,,,,,,0
50156 - Sucres et Denrees SA,50156,Sucres et Denrees SA,26927,sucdenscanccbci,Cote d'Ivoire,11/26/2025,815,367,0,0,0,0,,,,,,,,,,,0
50156 - Sucres et Denrees SA,50156,Sucres et Denrees SA,26929,sucdenecoopezci,Cote d'Ivoire,11/26/2025,1276,79,1,3,0,0,,,,,,,,,,,0
50156 - Sucres et Denrees SA,50156,Sucres et Denrees SA,26931,sucdencabgci,Cote d'Ivoire,11/26/2025,1075,42,0,0,0,0,,,,,,,,,,,0
50156 - Sucres et Denrees SA,50156,Sucres et Denrees SA,26933,sucdensocopasgci,Cote d'Ivoire,11/26/2025,631,128,0,0,0,0,,,,,,,,,,,0
50156 - Sucres et Denrees SA,50156,Sucres et Denrees SA,26939,sucdencagbci,Cote d'Ivoire,11/26/2025,256,702,0,0,0,0,,,,,,,,,,,0
50156 - Sucres et Denrees SA,50156,Sucres et Denrees SA,26941,sucdencooprabvaci,Cote d'Ivoire,11/26/2025,405,491,0,922,2256,2118,,,3,3,3,,3,3,0,3,0
50156 - Sucres et Denrees SA,50156,Sucres et Denrees SA,26943,sucdencopakakaci,Cote d'Ivoire,11/26/2025,242,763,0,0,0,0,,,,,,,,,,,0
50156 - Sucres et Denrees SA,50156,Sucres et Denrees SA,26945,sucdenscopuzci,Cote d'Ivoire,11/26/2025,1017,263,0,0,0,0,,,,,,,,,,,0
50156 - Sucres et Denrees SA,50156,Sucres et Denrees SA,26947,sucdensoceadaci,Cote d'Ivoire,11/26/2025,1149,846,1,0,0,0,,,,,,,,,,,0
50156 - Sucres et Denrees SA,50156,Sucres et Denrees SA,26949,sucdensomketaci,Cote d'Ivoire,11/26/2025,175,170,0,0,0,0,,,,,,,,,,,0
50156 - Sucres et Denrees SA,50156,Sucres et Denrees SA,27111,sucdenscoopag2ci,Cote d'Ivoire,11/26/2025,907,115,0,1022,1245,827,,,3,3,3,,4,5,0,5,0
50156 - Sucres et Denrees SA,50156,Sucres et Denrees SA,27119,sucdenallahnitcheci,Cote d'Ivoire,11/26/2025,439,103,0,585,2463,1347,,,3,3,3,,4,4,0,4,0
50156 - Sucres et Denrees SA,50156,Sucres et Denrees SA,27169,sucdensocaebci,Cote d'Ivoire,11/26/2025,238,63,0,301,1135,200,,,3,3,3,,3,3,1,3,0
50162 - SOCOOPACDI,50162,SOCOOPACDI,26623,socoopacdi,Cote d'Ivoire,11/26/2025,2399,,2609,0,0,0,,442,1,1,1,,21,21,2,21,0
50164 - FILDISI Cocoa Industry SA,50164,FILDISI Cocoa Industry SA,26309,dakua,Cote d'Ivoire,11/26/2025,1038,,1038,0,0,0,,1928,3,3,3,,4,3,3,3,0
50164 - FILDISI Cocoa Industry SA,50164,FILDISI Cocoa Industry SA,26315,coodig,Cote d'Ivoire,11/26/2025,1561,,1538,49,0,0,74,3479,4,3,3,,5,3,7,3,0
50164 - FILDISI Cocoa Industry SA,50164,FILDISI Cocoa Industry SA,26707,socoddims,Cote d'Ivoire,11/26/2025,2437,,2437,0,0,0,,,3,3,3,,2,,,,0
50164 - FILDISI Cocoa Industry SA,50164,FILDISI Cocoa Industry SA,26709,scoopag,Cote d'Ivoire,11/26/2025,1301,66,1367,0,0,0,,1275,3,3,3,,3,2,5,2,0
50164 - FILDISI Cocoa Industry SA,50164,FILDISI Cocoa Industry SA,27226,layana,Cote d'Ivoire,11/26/2025,1065,,1065,0,0,0,,11,3,2,2,,3,3,0,3,0
50164 - FILDISI Cocoa Industry SA,50164,FILDISI Cocoa Industry SA,27545,capum,Cote d'Ivoire,11/26/2025,1274,,1274,0,0,0,,52,3,2,2,,4,4,0,4,0
50166 - UNIL AS/Avella,50166,UNIL AS/Avella,26313,avellahazelnut,Turkey,11/26/2025,282,,1,564,109,0,508,319,6,6,6,,1,1,2,1,1
50167 - SUSCOM-CI,50167,SUSCOM-CI,26390,susscoowend,Cote d'Ivoire,11/26/2025,619,244,788,236,0,0,236,,2,2,2,,5,3,1,3,1
50167 - SUSCOM-CI,50167,SUSCOM-CI,26392,suscaada,Cote d'Ivoire,11/26/2025,323,97,454,0,0,0,136,,2,1,1,,4,4,0,4,0
50167 - SUSCOM-CI,50167,SUSCOM-CI,26711,suscoopcaada,Cote d'Ivoire,11/26/2025,322,63,369,51,0,0,,,2,2,2,,4,4,0,4,0
50167 - SUSCOM-CI,50167,SUSCOM-CI,26982,suscasib,Cote d'Ivoire,11/26/2025,908,446,1711,462,0,0,,188,2,2,2,,4,4,0,4,2
50167 - SUSCOM-CI,50167,SUSCOM-CI,26984,susbaracoop,Cote d'Ivoire,11/26/2025,1909,1201,3267,1,0,0,,,2,2,2,,5,4,2,4,0
50168 - Floribis sarlu,50168,Floribis sarlu,26354,floribis,Madagascar,11/26/2025,4192,5477,3389,14188,7306,7222,1101,10837,10,1,1,,50,9,1,9,0
50168 - Floribis sarlu,50168,Floribis sarlu,26621,floribisap,Madagascar,11/26/2025,1037,200,922,415,196,187,201,6796,1,1,1,,4,4,2,4,2
50170 - COOP-CA CAYAT (Societe Cooperative COOP-CA CAYAT),50170,COOP-CA CAYAT (Societe Cooperative COOP-CA CAYAT),26444,cayatci,Cote d'Ivoire,11/26/2025,4405,,2321,2635,155,108,580,1247,83,19,19,,415,73,0,74,0
50171 - SCOOPS SOCA2PD (Societe Cooperative Anouanze des P),50171,SCOOPS SOCA2PD (Societe Cooperative Anouanze des P),26406,soca2pd,Cote d'Ivoire,11/26/2025,2016,,2510,4,3136,3117,3886,3105,3,3,3,,9,13,1,13,10
50172 - Los Aliados,50172,Los Aliados,26677,allyguayusa,Ecuador,11/26/2025,64,,61,2,1,0,9,,,5,5,,,3,0,3,1
50172 - Los Aliados,50172,Los Aliados,26679,apare,Ecuador,11/26/2025,79,,92,19,4,0,112,,,5,5,,,2,3,2,0
50172 - Los Aliados,50172,Los Aliados,26681,cusubamba,Ecuador,11/26/2025,117,,257,71,12,0,264,,,4,4,,,3,2,4,0
50172 - Los Aliados,50172,Los Aliados,26685,tundayme,Ecuador,11/26/2025,4,,0,2,0,0,,,,3,3,,,2,0,2,0
50172 - Los Aliados,50172,Los Aliados,26687,canopy,Ecuador,11/26/2025,153,,124,28,125,124,3,,,4,4,,,4,1,2,0
50172 - Los Aliados,50172,Los Aliados,26689,asopacari,Ecuador,11/26/2025,,,0,0,0,0,,,,1,1,,,1,0,1,1
50172 - Los Aliados,50172,Los Aliados,26691,asosumaco,Ecuador,11/26/2025,73,,0,0,0,0,,,,2,2,,,2,0,2,1
50172 - Los Aliados,50172,Los Aliados,26699,chachisnaranjal,Ecuador,11/26/2025,65,,0,62,0,0,,,,3,3,,,1,1,1,0
50172 - Los Aliados,50172,Los Aliados,26701,chachisguayacana,Ecuador,11/26/2025,66,,61,8,0,0,,,,3,3,,,1,1,1,0
50172 - Los Aliados,50172,Los Aliados,27321,witoca,Cambodia,11/26/2025,1,,0,0,0,0,,,1,1,1,,1,,,,0
50173 - Albrecht and Dill Trading GMBH,50173,Albrecht and Dill Trading GMBH,26495,adsocopat,Cote d'Ivoire,11/26/2025,655,,655,0,0,0,,,1,1,1,,,0,2,0,0
50173 - Albrecht and Dill Trading GMBH,50173,Albrecht and Dill Trading GMBH,26497,adspam,Cote d'Ivoire,11/26/2025,1440,,1292,148,1,0,8,,1,1,1,,,0,3,0,0
50173 - Albrecht and Dill Trading GMBH,50173,Albrecht and Dill Trading GMBH,26503,adsoca2pdgagnoa,Cote d'Ivoire,11/26/2025,1719,,1425,311,2936,2922,1309,3801,5,5,5,,5,5,2,5,5
50173 - Albrecht and Dill Trading GMBH,50173,Albrecht and Dill Trading GMBH,26620,aduspk,Cote d'Ivoire,11/26/2025,695,,693,2,0,0,,,1,1,1,,,0,2,0,0
50173 - Albrecht and Dill Trading GMBH,50173,Albrecht and Dill Trading GMBH,26903,adpmb,Cote d'Ivoire,11/26/2025,803,,793,10,0,0,,,1,1,1,,,0,4,0,0
50174 - SOCOOPAGAGNY,50174,SOCOOPAGAGNY,27493,socoopagagnyims,Cote d'Ivoire,11/26/2025,2166,,942,1448,0,0,,,2,2,2,,11,11,1,10,0
50184 - Cocoasource SA,50184,Cocoasource SA,26554,ecamhevea,Cote d'Ivoire,11/26/2025,539,,536,3,393,387,,,3,3,3,,4,4,0,4,0
50184 - Cocoasource SA,50184,Cocoasource SA,26598,moawoma,Sierra Leone,11/26/2025,1013,,453,912,0,0,,573,3,3,3,,5,5,1,5,1
50184 - Cocoasource SA,50184,Cocoasource SA,26600,mukpeleva,Sierra Leone,11/26/2025,502,,558,0,0,0,,496,4,4,4,,5,5,3,5,0
50184 - Cocoasource SA,50184,Cocoasource SA,26602,tegloma,Sierra Leone,11/26/2025,5258,,4022,4856,1,0,,4568,4,4,4,,10,11,1,11,1
50184 - Cocoasource SA,50184,Cocoasource SA,26604,yormata,Sierra Leone,11/26/2025,1601,,1682,301,4,0,,1659,4,4,4,,5,5,8,5,2
50184 - Cocoasource SA,50184,Cocoasource SA,26693,kasiyatama,Sierra Leone,11/26/2025,4935,,3010,2313,0,0,,2244,4,4,4,,10,10,1,10,0
50184 - Cocoasource SA,50184,Cocoasource SA,26897,tongoma,Sierra Leone,11/26/2025,1734,,1273,1044,0,0,,1390,4,5,5,,6,6,2,6,0
50184 - Cocoasource SA,50184,Cocoasource SA,26899,motomonyonah,Cote d'Ivoire,11/26/2025,3571,2407,3075,2413,0,0,,3832,4,4,4,,10,10,1,10,0
50184 - Cocoasource SA,50184,Cocoasource SA,26901,liloma,Sierra Leone,11/26/2025,5947,,4117,2573,1,0,,5248,4,4,4,,11,13,1,13,1
50184 - Cocoasource SA,50184,Cocoasource SA,27398,scoopssoleil,Cote d'Ivoire,11/26/2025,1536,,1133,475,0,0,224,54,2,2,2,,7,6,2,6,0
50185 - Transcao,50185,Transcao,26523,tciscamed,Cote d'Ivoire,11/26/2025,850,160,875,163,8960,8960,509,2265,2,2,2,,5,5,0,5,4
50185 - Transcao,50185,Transcao,26525,tciscavi,Cote d'Ivoire,11/26/2025,1043,,1098,0,12465,12464,160,1929,2,2,2,,5,5,0,5,4
50185 - Transcao,50185,Transcao,26527,tciscatl,Cote d'Ivoire,11/26/2025,713,45,811,2,10797,10797,120,1777,2,2,2,,6,6,0,6,3
50185 - Transcao,50185,Transcao,26529,tcicadji,Cote d'Ivoire,11/26/2025,706,40,706,40,10226,10226,163,2158,2,2,2,,5,5,1,5,5
50191 - Rubberway Pte. Ltd.,50191,Rubberway Pte. Ltd.,26610,rubberwayindsfx,Indonesia,11/26/2025,2301,,5527,0,0,0,,,1,1,1,,,,,,0
50191 - Rubberway Pte. Ltd.,50191,Rubberway Pte. Ltd.,26616,rubberwaythbj1,Thailand,11/26/2025,4343,,6377,147,26965,0,,,1,1,1,,,,,,0
50191 - Rubberway Pte. Ltd.,50191,Rubberway Pte. Ltd.,26618,rubberwaythck,Thailand,11/26/2025,1699,,1386,498,0,0,,,1,1,1,,,,,,0
50191 - Rubberway Pte. Ltd.,50191,Rubberway Pte. Ltd.,26695,rubberwaylkmlk,Sri Lanka,11/26/2025,7031,872,9224,343,0,0,,,2,1,1,,,,,,0
50191 - Rubberway Pte. Ltd.,50191,Rubberway Pte. Ltd.,26777,rubberwayindsfu,Indonesia,11/26/2025,10014,,9662,168,0,0,,,1,1,1,,,,,,0
50191 - Rubberway Pte. Ltd.,50191,Rubberway Pte. Ltd.,26789,rubberwaypvnmtlrvir,Vietnam,11/26/2025,1365,1,1711,4,0,0,,,1,1,1,,,,,,0
50191 - Rubberway Pte. Ltd.,50191,Rubberway Pte. Ltd.,26791,rubberwaythslntw,Thailand,11/26/2025,2267,1,4058,40,68164,0,,,1,1,1,,,,,,0
50191 - Rubberway Pte. Ltd.,50191,Rubberway Pte. Ltd.,26793,rubberwaythbj2,Thailand,11/26/2025,5034,,8778,144,31005,0,,,1,1,1,,,,,,0
50191 - Rubberway Pte. Ltd.,50191,Rubberway Pte. Ltd.,26795,rubberwayththay,Thailand,11/26/2025,539,1,843,2,0,0,,,1,1,1,,,,,,0
50191 - Rubberway Pte. Ltd.,50191,Rubberway Pte. Ltd.,26797,rubberwayththbn,Thailand,11/26/2025,1011,,1635,24,0,0,,,1,1,1,,,,,,0
50191 - Rubberway Pte. Ltd.,50191,Rubberway Pte. Ltd.,26799,rubberwaythbs,Thailand,11/26/2025,454,,779,7,0,0,,,1,1,1,,,,,,0
50191 - Rubberway Pte. Ltd.,50191,Rubberway Pte. Ltd.,26859,rubberwaythcorrie,Thailand,11/26/2025,97,,0,2,0,0,,,1,1,1,,,,,,0
50191 - Rubberway Pte. Ltd.,50191,Rubberway Pte. Ltd.,26861,rubberwaythaj1,Thailand,11/26/2025,1001,1,37779,7,0,0,,,1,1,1,,,,,,0
50191 - Rubberway Pte. Ltd.,50191,Rubberway Pte. Ltd.,26863,rubberwaythaj2,Thailand,11/26/2025,868,1,1338,3,0,0,,,1,1,1,,,,,,0
50191 - Rubberway Pte. Ltd.,50191,Rubberway Pte. Ltd.,26865,rubberwayindkcc,Indonesia,11/26/2025,1,,2,0,0,0,,,1,1,1,,,,,,0
50191 - Rubberway Pte. Ltd.,50191,Rubberway Pte. Ltd.,26867,rubberwayindkav,Indonesia,11/26/2025,1488,3,2187,10,0,0,,,1,1,1,,,,,,0
50191 - Rubberway Pte. Ltd.,50191,Rubberway Pte. Ltd.,26869,rubberwayindkbg,Indonesia,11/26/2025,128,,169,0,0,0,,,1,1,1,,,,,,0
50191 - Rubberway Pte. Ltd.,50191,Rubberway Pte. Ltd.,26871,rubberwayindkbk,Indonesia,11/26/2025,44,,1347,0,0,0,,,1,1,1,,,,,,0
50191 - Rubberway Pte. Ltd.,50191,Rubberway Pte. Ltd.,26873,rubberwayindsgg,Indonesia,11/26/2025,458,,1159,0,0,0,,,1,1,1,,,,,,0
50191 - Rubberway Pte. Ltd.,50191,Rubberway Pte. Ltd.,26875,rubberwayindkca,Indonesia,11/26/2025,,,0,0,0,0,,,1,1,1,,,,,,0
50191 - Rubberway Pte. Ltd.,50191,Rubberway Pte. Ltd.,26877,rubberwayindsgy,Indonesia,11/26/2025,1710,,1986,1,0,0,,,1,1,1,,,,,,0
50191 - Rubberway Pte. Ltd.,50191,Rubberway Pte. Ltd.,26879,rubberwayindsfk,Indonesia,11/26/2025,1,,265,0,0,0,,,,1,1,,,,,,0
50191 - Rubberway Pte. Ltd.,50191,Rubberway Pte. Ltd.,26881,rubberwaythco,Thailand,11/26/2025,2197,,2563,0,0,0,,,,1,1,,,,,,0
50191 - Rubberway Pte. Ltd.,50191,Rubberway Pte. Ltd.,26883,rubberwaythdl,Thailand,11/26/2025,,,0,0,0,0,,,,1,1,,,,,,0
50191 - Rubberway Pte. Ltd.,50191,Rubberway Pte. Ltd.,26885,rubberwaymybt,Malaysia,11/26/2025,2419,,2000,0,0,0,,,1,1,1,,,,,,0
50191 - Rubberway Pte. Ltd.,50191,Rubberway Pte. Ltd.,26887,rubberwaymybp1,Malaysia,11/26/2025,1719,,1484,0,0,0,,,1,1,1,,,,,,0
50191 - Rubberway Pte. Ltd.,50191,Rubberway Pte. Ltd.,26889,rubberwaymydr,Malaysia,11/26/2025,1856,,1736,0,0,0,,,1,1,1,,,,,,0
50191 - Rubberway Pte. Ltd.,50191,Rubberway Pte. Ltd.,26891,rubberwaymyce,Malaysia,11/26/2025,1322,,1292,0,0,0,,,1,1,1,,,,,,0
50191 - Rubberway Pte. Ltd.,50191,Rubberway Pte. Ltd.,26958,rubberwayindsgf,Indonesia,11/26/2025,1974,1,2276,0,0,0,,,1,1,1,,,,,,0
50191 - Rubberway Pte. Ltd.,50191,Rubberway Pte. Ltd.,26960,rubberwayindsbi,Indonesia,11/26/2025,1315,,1956,0,0,0,,,1,1,1,,,,,,0
50191 - Rubberway Pte. Ltd.,50191,Rubberway Pte. Ltd.,26962,rubberwayindkau,Indonesia,11/26/2025,22367,3,22311,53,0,0,,,1,1,1,,,,,,0
50191 - Rubberway Pte. Ltd.,50191,Rubberway Pte. Ltd.,26970,rubberwayindsdo,Indonesia,11/26/2025,2625,,4695,1,0,0,,,1,1,1,,,,,,0
50191 - Rubberway Pte. Ltd.,50191,Rubberway Pte. Ltd.,26980,rubberwayindsee,Indonesia,11/26/2025,156,,87,0,0,0,,,1,1,1,,,,,,0
50191 - Rubberway Pte. Ltd.,50191,Rubberway Pte. Ltd.,26988,rubberwaythttbl,Thailand,11/26/2025,1346,,265,2,0,0,,,,1,1,,,,,,0
50191 - Rubberway Pte. Ltd.,50191,Rubberway Pte. Ltd.,26990,rubberwaythttcb,Thailand,11/26/2025,34,,49,0,0,0,,,,1,1,,,,,,0
50191 - Rubberway Pte. Ltd.,50191,Rubberway Pte. Ltd.,26992,rubberwaythttca,Thailand,11/26/2025,3090,,1359,27,0,0,,,,1,1,,,,,,0
50191 - Rubberway Pte. Ltd.,50191,Rubberway Pte. Ltd.,26998,rubberwaythslbk,Thailand,11/26/2025,1148,1,1992,274,122147,0,,,1,1,1,,,,,,0
50191 - Rubberway Pte. Ltd.,50191,Rubberway Pte. Ltd.,27002,rubberwayindsek,Indonesia,11/26/2025,315,,313,3,0,0,,,1,1,1,,,,,,0
50191 - Rubberway Pte. Ltd.,50191,Rubberway Pte. Ltd.,27008,rubberwaythnyhd,Thailand,11/26/2025,1336,3,2070,0,0,0,,,1,1,1,,,,,,0
50191 - Rubberway Pte. Ltd.,50191,Rubberway Pte. Ltd.,27022,rubberwayindsey,Indonesia,11/26/2025,263,1,435,1,0,0,,,1,1,1,,,,,,0
50191 - Rubberway Pte. Ltd.,50191,Rubberway Pte. Ltd.,27024,rubberwaycisog,Cote d'Ivoire,11/26/2025,4762,,8819,1,0,0,,,,1,1,,,,,,0
50191 - Rubberway Pte. Ltd.,50191,Rubberway Pte. Ltd.,27026,rubberwayciscc,Cote d'Ivoire,11/26/2025,6440,,9123,0,0,0,,,,1,1,,,,,,0
50191 - Rubberway Pte. Ltd.,50191,Rubberway Pte. Ltd.,27030,rubberwaylkatc,Sri Lanka,11/26/2025,626,6,658,17,0,0,,,1,1,1,,,,,,0
50191 - Rubberway Pte. Ltd.,50191,Rubberway Pte. Ltd.,27034,rubberwaylkask,Indonesia,11/26/2025,,,0,0,0,0,,,1,1,1,,,,,,0
50191 - Rubberway Pte. Ltd.,50191,Rubberway Pte. Ltd.,27036,rubberwaylksspl,Sri Lanka,11/26/2025,,,0,0,0,0,,,,1,1,,,,,,0
50191 - Rubberway Pte. Ltd.,50191,Rubberway Pte. Ltd.,27038,rubberwaythytrc,Thailand,11/26/2025,10288,,15352,1128,0,0,,,1,1,1,,,,,,0
50191 - Rubberway Pte. Ltd.,50191,Rubberway Pte. Ltd.,27043,rubberwayindsaz,Indonesia,11/26/2025,9474,4,10971,138,104,0,,,1,1,1,,,,,,0
50191 - Rubberway Pte. Ltd.,50191,Rubberway Pte. Ltd.,27045,rubberwayphfarma,Philippines,11/26/2025,946,3,944,2,0,0,,,1,1,1,,,,,,0
50191 - Rubberway Pte. Ltd.,50191,Rubberway Pte. Ltd.,27047,rubberwayphctk,Philippines,11/26/2025,4134,256,4818,0,0,0,,,1,1,1,,,,,,0
50191 - Rubberway Pte. Ltd.,50191,Rubberway Pte. Ltd.,27063,rubberwayindsca,Indonesia,11/26/2025,150,1,165,0,0,0,,,1,1,1,,,,,,0
50191 - Rubberway Pte. Ltd.,50191,Rubberway Pte. Ltd.,27065,rubberwayindscb,Indonesia,11/26/2025,453,,604,0,0,0,,,1,1,1,,,,,,0
50191 - Rubberway Pte. Ltd.,50191,Rubberway Pte. Ltd.,27067,rubberwayindsah,Indonesia,11/26/2025,491,,613,1,0,0,,,1,1,1,,,,,,0
50191 - Rubberway Pte. Ltd.,50191,Rubberway Pte. Ltd.,27069,rubberwayththrz,Thailand,11/26/2025,151,,288,16,0,0,,,1,1,1,,,,,,0
50191 - Rubberway Pte. Ltd.,50191,Rubberway Pte. Ltd.,27077,rubberwayththcr,Thailand,11/26/2025,19,,20,0,0,0,,,1,1,1,,,,,,0
50191 - Rubberway Pte. Ltd.,50191,Rubberway Pte. Ltd.,27079,rubberwayththhd,Thailand,11/26/2025,17,,20,0,0,0,,,1,1,1,,,,,,0
50191 - Rubberway Pte. Ltd.,50191,Rubberway Pte. Ltd.,27081,rubberwayththkb,Thailand,11/26/2025,13,,20,0,0,0,,,1,1,1,,,,,,0
50191 - Rubberway Pte. Ltd.,50191,Rubberway Pte. Ltd.,27085,rubberwaythrpry,Thailand,11/26/2025,703,,896,2,0,0,,,1,1,1,,,,,,0
50191 - Rubberway Pte. Ltd.,50191,Rubberway Pte. Ltd.,27099,rubberwaymyhz,Malaysia,11/26/2025,15,,598,0,0,0,,,1,1,1,,,,,,0
50191 - Rubberway Pte. Ltd.,50191,Rubberway Pte. Ltd.,27101,rubberwaymyhu,Malaysia,11/26/2025,19,,615,0,0,0,,,1,1,1,,,,,,0
50191 - Rubberway Pte. Ltd.,50191,Rubberway Pte. Ltd.,27103,rubberwaycipda,Cote d'Ivoire,11/26/2025,3941,,5165,0,0,0,,,1,1,1,,,,,,0
50191 - Rubberway Pte. Ltd.,50191,Rubberway Pte. Ltd.,27107,rubberwaycichc,Cote d'Ivoire,11/26/2025,,,0,0,0,0,,,1,1,1,,,,,,0
50191 - Rubberway Pte. Ltd.,50191,Rubberway Pte. Ltd.,27163,rubberwaypholms,Philippines,11/26/2025,100,,1955,0,0,0,,,1,1,1,,,,,,0
50191 - Rubberway Pte. Ltd.,50191,Rubberway Pte. Ltd.,27165,rubberwayvnvrc,Vietnam,11/26/2025,294,,346,0,0,0,,,1,1,1,,,,,,0
50191 - Rubberway Pte. Ltd.,50191,Rubberway Pte. Ltd.,27176,rubberwayththtgs,Thailand,11/26/2025,,,0,0,0,0,,,1,1,1,,,,,,0
50191 - Rubberway Pte. Ltd.,50191,Rubberway Pte. Ltd.,27178,rubberwaythdb,Thailand,11/26/2025,,,0,0,0,0,,,1,1,1,,,,,,0
50191 - Rubberway Pte. Ltd.,50191,Rubberway Pte. Ltd.,27213,rubberwaylkanr,Sri Lanka,11/26/2025,2079,7,2005,397,0,0,,,1,1,1,,,,,,0
50191 - Rubberway Pte. Ltd.,50191,Rubberway Pte. Ltd.,27215,rubberwaylksnm,Sri Lanka,11/26/2025,994,,538,0,0,0,,,1,1,1,,,,,,0
50191 - Rubberway Pte. Ltd.,50191,Rubberway Pte. Ltd.,27217,rubberwaylkdnr,Sri Lanka,11/26/2025,114,,2298,0,0,0,,,1,1,1,,,,,,0
50191 - Rubberway Pte. Ltd.,50191,Rubberway Pte. Ltd.,27219,rubberwaylkcyr,Sri Lanka,11/26/2025,165,,414,3,0,0,,,1,1,1,,,,,,0
50191 - Rubberway Pte. Ltd.,50191,Rubberway Pte. Ltd.,27221,rubberwaylkpst,Sri Lanka,11/26/2025,608,20,169,0,0,0,,,1,1,1,,,,,,0
50191 - Rubberway Pte. Ltd.,50191,Rubberway Pte. Ltd.,27223,rubberwaylkaar,Sri Lanka,11/26/2025,628,,169,0,0,0,,,1,1,1,,,,,,0
50191 - Rubberway Pte. Ltd.,50191,Rubberway Pte. Ltd.,27242,rubberwayththcl,Thailand,11/26/2025,,,0,0,0,0,,,1,1,1,,,,,,0
50191 - Rubberway Pte. Ltd.,50191,Rubberway Pte. Ltd.,27244,rubberwayindshb,Indonesia,11/26/2025,356,,356,0,0,0,,,1,1,1,,,,,,0
50191 - Rubberway Pte. Ltd.,50191,Rubberway Pte. Ltd.,27268,rubberwaylkrhpl,Sri Lanka,11/26/2025,582,,534,27,0,0,,,,1,1,,,,,,0
50191 - Rubberway Pte. Ltd.,50191,Rubberway Pte. Ltd.,27380,rubberwaylktkt,Sri Lanka,11/26/2025,35,,43,0,0,0,,,,1,1,,,,,,0
50191 - Rubberway Pte. Ltd.,50191,Rubberway Pte. Ltd.,27386,rubberwayghgrelrp,Ghana,11/26/2025,8503,,11795,0,0,0,,,,1,1,,,,,,0
50191 - Rubberway Pte. Ltd.,50191,Rubberway Pte. Ltd.,27388,rubberwayngnrenl,Nigeria,11/26/2025,485,,319,0,0,0,,,,1,1,,,,,,0
50191 - Rubberway Pte. Ltd.,50191,Rubberway Pte. Ltd.,27390,rubberwaycisaph,Cote d'Ivoire,11/26/2025,22808,,32926,0,0,0,,,,1,1,,,,,,0
"A-000031 - Cream to Cream 1, C.A.",A-000031,"Cream to Cream 1, C.A.",27313,creamtocream1ca,Venezuela,11/26/2025,988,,999,22,2,0,101,929,3,3,3,,5,4,2,4,0
A-000104 - JB Cocoa,A-000104,JB Cocoa,26781,jbscopanab,Cote d'Ivoire,11/26/2025,1268,239,1055,455,20055,19997,,,9,8,8,,40,2,1,2,0
A-000104 - JB Cocoa,A-000104,JB Cocoa,26783,jbbiankouma,Cote d'Ivoire,11/26/2025,1028,20,1036,20,21988,21854,,,7,5,5,,1,2,0,2,0
A-000104 - JB Cocoa,A-000104,JB Cocoa,27246,jbspadndouci,Cote d'Ivoire,11/26/2025,1464,,0,1541,13408,13289,,,7,7,7,,1,4,0,2,0
A-000104 - JB Cocoa,A-000104,JB Cocoa,27342,jbspadblolequin,Cote d'Ivoire,11/26/2025,1583,192,705,1102,41671,41264,,,7,7,7,,1,6,2,2,1
A-000104 - JB Cocoa,A-000104,JB Cocoa,27346,jbscoopencoopca,Cote d'Ivoire,11/26/2025,788,19,0,661,17324,17261,,,7,7,7,,1,2,0,2,0
A-000104 - JB Cocoa,A-000104,JB Cocoa,27400,jbecatie,Cote d'Ivoire,11/26/2025,1443,348,0,1791,35589,35243,,,8,7,7,,40,7,0,3,0
A-000104 - JB Cocoa,A-000104,JB Cocoa,27443,jbscoopcoopac,Cote d'Ivoire,11/26/2025,1111,,0,1312,0,0,,,7,7,7,,1,0,1,0,0
A-000104 - JB Cocoa,A-000104,JB Cocoa,27494,jbscoopslatermitiere,Cote d'Ivoire,11/26/2025,1459,,1520,0,19988,19886,,,8,7,7,,1,2,1,2,0
A-000104 - JB Cocoa,A-000104,JB Cocoa,27499,jbayomidefg2,Cote d'Ivoire,11/26/2025,996,4,0,2873,0,0,,,3,3,3,,1,,,,0
A-000104 - JB Cocoa,A-000104,JB Cocoa,27501,jbaleseyorifg,Cote d'Ivoire,11/26/2025,850,,0,2786,0,0,,,3,3,3,,1,,,,0
A-000104 - JB Cocoa,A-000104,JB Cocoa,27504,jbbmvfg,Cote d'Ivoire,11/26/2025,1618,,0,2424,0,0,,,4,4,4,,1,,,,0
A-000104 - JB Cocoa,A-000104,JB Cocoa,27505,jboreoluwacs,Cote d'Ivoire,11/26/2025,1813,,3385,0,0,0,,,4,4,4,,1,,,,0
A-000104 - JB Cocoa,A-000104,JB Cocoa,27506,jbayomidefg,Cote d'Ivoire,11/26/2025,1115,1,0,3540,0,0,,,3,3,3,,1,0,1,0,0
A-000104 - JB Cocoa,A-000104,JB Cocoa,27524,jbcoopaht,Cote d'Ivoire,11/26/2025,1156,,1215,0,13339,13298,,,7,7,7,,1,1,1,1,0
A-000106 - COOPAAHS Daloa,A-000106,COOPAAHS Daloa,26705,coopcacoopaahs,Cote d'Ivoire,11/26/2025,4176,,4009,8,0,0,,572,2,4,4,,18,31,0,19,0
"A-000110 - Norwegian Church Aid, NCA",A-000110,"Norwegian Church Aid, NCA",26956,ncaethiopiaconnect,Ethiopia,11/26/2025,438,,315,83,266,0,240,,2,2,2,,6,6,2,6,1
"A-000110 - Norwegian Church Aid, NCA",A-000110,"Norwegian Church Aid, NCA",27071,ncatzafs,United Republic of Tanzania,11/26/2025,3378,1,2514,0,0,0,13,,,9,9,,,13,3,13,1
"A-000110 - Norwegian Church Aid, NCA",A-000110,"Norwegian Church Aid, NCA",27191,ncazmcsee,Zambia,11/26/2025,1766,2,158,92,0,0,,,6,6,6,,14,10,3,10,1
"A-000110 - Norwegian Church Aid, NCA",A-000110,"Norwegian Church Aid, NCA",27369,ncadcamalawi,Malawi,11/26/2025,3541,202,92,2279,0,0,258,,11,11,11,,11,11,7,11,0
A-000111 - Compañia Nacional de Chocolates S.A.S.,A-000111,Compañia Nacional de Chocolates S.A.S.,26972,cnch,Colombia,11/26/2025,8716,,7731,28,26137,0,180,6396,5,5,5,,30,30,19,29,1
A-000112 - ICAM,A-000112,ICAM,27477,icamhomu,Uganda,11/26/2025,2154,,2766,0,0,0,,,7,7,7,,16,0,1,0,0
A-000113 - CORPORACION PARA EL DESARROLLO CEDERENA,A-000113,CORPORACION PARA EL DESARROLLO CEDERENA,27087,saborarriba,Ecuador,11/26/2025,291,,255,81,461,428,450,52,,2,2,,,3,0,3,0
A-000113 - CORPORACION PARA EL DESARROLLO CEDERENA,A-000113,CORPORACION PARA EL DESARROLLO CEDERENA,27089,redescocpe,Ecuador,11/26/2025,484,,480,0,6,3,,1,,3,3,,,3,0,3,0
A-000113 - CORPORACION PARA EL DESARROLLO CEDERENA,A-000113,CORPORACION PARA EL DESARROLLO CEDERENA,27091,tsatsayaku,Cote d'Ivoire,11/26/2025,79,,113,0,326,312,143,14,,2,2,,,3,1,3,0
A-000113 - CORPORACION PARA EL DESARROLLO CEDERENA,A-000113,CORPORACION PARA EL DESARROLLO CEDERENA,27093,ucchontapunta,Ecuador,11/26/2025,27,,20,7,0,0,,,,2,2,,,4,0,4,0
A-000116 - ICN Technoserve,A-000116,ICN Technoserve,26895,icnsouralet,Cote d'Ivoire,11/26/2025,490,5,694,3,1412,1261,75,,4,3,3,,21,22,2,22,0
A-000119 - UEBT,A-000119,UEBT,27311,uebtmgp,Madagascar,11/26/2025,1552,,0,1551,7030,6976,,68,,6,6,,,11,1,11,0
A-000119 - UEBT,A-000119,UEBT,27444,uebtravina,Madagascar,11/26/2025,3314,,0,3314,55,39,,960,13,13,13,,18,19,8,19,0
A-000121 - Barry Callebaut Services NV,A-000121,Barry Callebaut Services NV,27230,bcscapen,Cote d'Ivoire,11/26/2025,1645,3,1837,2,24801,24775,,,,8,8,,,2,3,2,0
A-000121 - Barry Callebaut Services NV,A-000121,Barry Callebaut Services NV,27232,bcscoopalo,Cote d'Ivoire,11/26/2025,598,9,695,0,4921,4917,,,,10,10,,,3,3,3,0
A-000121 - Barry Callebaut Services NV,A-000121,Barry Callebaut Services NV,27234,bcscac,Cote d'Ivoire,11/26/2025,801,9,929,12,20119,19866,,,,8,8,,,2,1,2,0
A-000121 - Barry Callebaut Services NV,A-000121,Barry Callebaut Services NV,27236,bcsocaba,Cote d'Ivoire,11/26/2025,914,1,1122,16,9971,9918,,,,8,8,,,1,0,1,0
A-000121 - Barry Callebaut Services NV,A-000121,Barry Callebaut Services NV,27317,bcsocoaek,Cote d'Ivoire,11/26/2025,628,1,666,27,9707,9132,,,,9,9,,,1,0,1,0
A-000122 - Planting Naturals - Palm Oil,A-000122,Planting Naturals - Palm Oil,27240,pnsl,Sierra Leone,11/26/2025,937,,936,1,17,9,,77,4,4,4,,6,7,0,7,0
A-000123 - EXPORTADORA ROMEX S.A.,A-000123,EXPORTADORA ROMEX S.A.,27228,romex,Peru,11/26/2025,620,,625,7,0,0,,,5,5,5,,6,6,0,6,0
A-000125 - CAPITOL FOODS LIMITED,A-000125,CAPITOL FOODS LIMITED,27357,capitolfoodssl,Sierra Leone,11/26/2025,5997,1,5997,0,0,0,,,2,2,2,,8,8,2,8,1
A-000129 - Ivory Community Development (ICD),A-000129,Ivory Community Development (ICD),27448,icdecab,Cote d'Ivoire,11/26/2025,1361,1281,1411,0,0,0,,1599,3,2,2,,8,8,0,8,0
A-000129 - Ivory Community Development (ICD),A-000129,Ivory Community Development (ICD),27450,icdwende,Cote d'Ivoire,11/26/2025,502,,519,0,0,0,,490,3,2,2,,4,4,0,4,0
A-000129 - Ivory Community Development (ICD),A-000129,Ivory Community Development (ICD),27452,icdcag,Cote d'Ivoire,11/26/2025,1059,23,1082,0,0,0,,1157,3,2,2,,7,7,0,7,0
A-000129 - Ivory Community Development (ICD),A-000129,Ivory Community Development (ICD),27454,icdequite,Cote d'Ivoire,11/26/2025,592,40,932,0,0,0,,582,2,2,2,,4,4,2,4,0
A-000129 - Ivory Community Development (ICD),A-000129,Ivory Community Development (ICD),27456,icdbt,Cote d'Ivoire,11/26/2025,1007,,1042,2,0,0,,1026,3,2,2,,6,6,1,6,0
A-000129 - Ivory Community Development (ICD),A-000129,Ivory Community Development (ICD),27466,icdcadb,Cote d'Ivoire,11/26/2025,1073,,1094,0,0,0,,942,2,2,2,,8,8,0,8,0
A-000130 - Solberg &amp; Hansen,A-000130,Solberg &amp; Hansen,27562,shcoffeeindia,India,11/26/2025,3,,10,0,0,0,,,,12,12,,,,,,0
A-000135 - Tanmondial Singaport Pte Ltd,A-000135,Tanmondial Singaport Pte Ltd,27536,taneudr,Cote d'Ivoire,11/26/2025,11141,,12323,14,0,0,,,,2,2,,,0,3,0,0
